2026-04-28 19:02:17,728 - INFO - Iniciando el proceso de scraping.
2026-04-28 19:02:17,803 - INFO - Conexión a Oracle exitosa
2026-04-28 19:02:18,992 - INFO - Elemento encontrado
2026-04-28 19:02:19,046 - INFO - Cantidad de botones principales encontrados: 4
2026-04-28 19:02:19,220 - INFO - Procesando sección: Tecnología
2026-04-28 19:02:19,251 - INFO - Botón 'Tecnología' clickeado
2026-04-28 19:02:20,263 - INFO - Cantidad de subcategorías encontradas: 7
2026-04-28 19:02:20,280 - INFO - Subcategoría encontrada: Notebooks
2026-04-28 19:02:20,302 - INFO - Extrayendo datos de la sección 'Tecnología' y subcategoría 'Notebooks'
2026-04-28 19:02:20,307 - INFO - Grilla de productos encontrada
2026-04-28 19:02:21,986 - INFO - Scrapeando página 1
2026-04-28 19:02:42,641 - INFO - 20 productos insertados correctamente
2026-04-28 19:02:42,711 - INFO - Botón siguiente clickeado
2026-04-28 19:02:45,713 - INFO - Scrapeando página 2
2026-04-28 19:06:10,063 - INFO - 200 productos insertados correctamente
2026-04-28 19:06:10,139 - INFO - Botón siguiente clickeado
2026-04-28 19:06:13,140 - INFO - Scrapeando página 3
2026-04-28 19:09:37,239 - INFO - 200 productos insertados correctamente
2026-04-28 19:09:37,305 - INFO - Botón siguiente clickeado
2026-04-28 19:09:40,306 - INFO - Scrapeando página 4
2026-04-28 19:13:04,625 - INFO - 200 productos insertados correctamente
2026-04-28 19:13:04,701 - INFO - Botón siguiente clickeado
2026-04-28 19:13:07,701 - INFO - Scrapeando página 5
2026-04-28 19:16:31,773 - INFO - 200 productos insertados correctamente
2026-04-28 19:16:31,833 - INFO - Botón siguiente clickeado
2026-04-28 19:16:34,834 - INFO - Scrapeando página 6
2026-04-28 19:19:59,202 - INFO - 200 productos insertados correctamente
2026-04-28 19:19:59,275 - INFO - Botón siguiente clickeado
2026-04-28 19:20:02,276 - INFO - Scrapeando página 7
2026-04-28 19:23:26,345 - INFO - 200 productos insertados correctamente
2026-04-28 19:23:26,418 - INFO - Botón siguiente clickeado
2026-04-28 19:23:29,420 - INFO - Scrapeando página 8
2026-04-28 19:23:37,634 - INFO - 8 productos insertados correctamente
2026-04-28 19:23:44,787 - INFO - No hay botón siguiente → fin
2026-04-28 19:23:44,833 - INFO - Reabriendo menú principal 'Tecnología' para la siguiente subcategoría
2026-04-28 19:23:44,863 - INFO - Subcategoría encontrada: 
2026-04-28 19:23:44,881 - INFO - Extrayendo datos de la sección 'Tecnología' y subcategoría ''
2026-04-28 19:23:44,886 - INFO - Grilla de productos encontrada
2026-04-28 19:23:46,213 - INFO - Scrapeando página 1
2026-04-28 19:24:06,791 - ERROR - Error insertando: 'NoneType' object is not subscriptable
2026-04-28 19:24:06,851 - INFO - Botón siguiente clickeado
2026-04-28 19:24:09,852 - INFO - Scrapeando página 2
2026-04-28 19:27:02,435 - WARNING - Error producto: Message: stale element reference: stale element not found in the current frame
  (Session info: chrome=147.0.7727.137); For documentation on this error, please visit: https://www.selenium.dev/documentation/webdriver/troubleshooting/errors#staleelementreferenceexception
Stacktrace:
	chromedriver!GetHandleVerifier [0x7ff71d9ea8e5+14e45]
	chromedriver!GetHandleVerifier [0x7ff71d9ea950+14eb0]
	chromedriver!(No symbol) [0x7ff71d75d6ed]
	chromedriver!(No symbol) [0x7ff71d765671]
	chromedriver!(No symbol) [0x7ff71d768795]
	chromedriver!(No symbol) [0x7ff71d76885f]
	chromedriver!(No symbol) [0x7ff71d7b647e]
	chromedriver!(No symbol) [0x7ff71d7b700c]
	chromedriver!(No symbol) [0x7ff71d7ab0ac]
	chromedriver!(No symbol) [0x7ff71d7aaa46]
	chromedriver!(No symbol) [0x7ff71d80483b]
	chromedriver!(No symbol) [0x7ff71d7a90e8]
	chromedriver!(No symbol) [0x7ff71d7a9fc3]
	chromedriver!GetHandleVerifier [0x7ff71dd00149+32a6a9]
	chromedriver!GetHandleVerifier [0x7ff71dcfa715+324c75]
	chromedriver!GetHandleVerifier [0x7ff71dd1c012+346572]
	chromedriver!GetHandleVerifier [0x7ff71da07cb5+32215]
	chromedriver!GetHandleVerifier [0x7ff71da1087c+3addc]
	chromedriver!GetHandleVerifier [0x7ff71d9f40e4+1e644]
	chromedriver!GetHandleVerifier [0x7ff71d9f4296+1e7f6]
	chromedriver!GetHandleVerifier [0x7ff71d9d8737+2c97]
	KERNEL32!BaseThreadInitThunk [0x7ffded25e8d7+17]
	ntdll!RtlUserThreadStart [0x7ffded80c3fc+2c]

2026-04-28 19:27:02,439 - WARNING - Error producto: Message: stale element reference: stale element not found in the current frame
  (Session info: chrome=147.0.7727.137); For documentation on this error, please visit: https://www.selenium.dev/documentation/webdriver/troubleshooting/errors#staleelementreferenceexception
Stacktrace:
	chromedriver!GetHandleVerifier [0x7ff71d9ea8e5+14e45]
	chromedriver!GetHandleVerifier [0x7ff71d9ea950+14eb0]
	chromedriver!(No symbol) [0x7ff71d75d6ed]
	chromedriver!(No symbol) [0x7ff71d765671]
	chromedriver!(No symbol) [0x7ff71d768795]
	chromedriver!(No symbol) [0x7ff71d76885f]
	chromedriver!(No symbol) [0x7ff71d7b647e]
	chromedriver!(No symbol) [0x7ff71d7b700c]
	chromedriver!(No symbol) [0x7ff71d7ab0ac]
	chromedriver!(No symbol) [0x7ff71d7aaa46]
	chromedriver!(No symbol) [0x7ff71d80483b]
	chromedriver!(No symbol) [0x7ff71d7a90e8]
	chromedriver!(No symbol) [0x7ff71d7a9fc3]
	chromedriver!GetHandleVerifier [0x7ff71dd00149+32a6a9]
	chromedriver!GetHandleVerifier [0x7ff71dcfa715+324c75]
	chromedriver!GetHandleVerifier [0x7ff71dd1c012+346572]
	chromedriver!GetHandleVerifier [0x7ff71da07cb5+32215]
	chromedriver!GetHandleVerifier [0x7ff71da1087c+3addc]
	chromedriver!GetHandleVerifier [0x7ff71d9f40e4+1e644]
	chromedriver!GetHandleVerifier [0x7ff71d9f4296+1e7f6]
	chromedriver!GetHandleVerifier [0x7ff71d9d8737+2c97]
	KERNEL32!BaseThreadInitThunk [0x7ffded25e8d7+17]
	ntdll!RtlUserThreadStart [0x7ffded80c3fc+2c]

2026-04-28 19:27:02,442 - WARNING - Error producto: Message: stale element reference: stale element not found in the current frame
  (Session info: chrome=147.0.7727.137); For documentation on this error, please visit: https://www.selenium.dev/documentation/webdriver/troubleshooting/errors#staleelementreferenceexception
Stacktrace:
	chromedriver!GetHandleVerifier [0x7ff71d9ea8e5+14e45]
	chromedriver!GetHandleVerifier [0x7ff71d9ea950+14eb0]
	chromedriver!(No symbol) [0x7ff71d75d6ed]
	chromedriver!(No symbol) [0x7ff71d765671]
	chromedriver!(No symbol) [0x7ff71d768795]
	chromedriver!(No symbol) [0x7ff71d76885f]
	chromedriver!(No symbol) [0x7ff71d7b647e]
	chromedriver!(No symbol) [0x7ff71d7b700c]
	chromedriver!(No symbol) [0x7ff71d7ab0ac]
	chromedriver!(No symbol) [0x7ff71d7aaa46]
	chromedriver!(No symbol) [0x7ff71d80483b]
	chromedriver!(No symbol) [0x7ff71d7a90e8]
	chromedriver!(No symbol) [0x7ff71d7a9fc3]
	chromedriver!GetHandleVerifier [0x7ff71dd00149+32a6a9]
	chromedriver!GetHandleVerifier [0x7ff71dcfa715+324c75]
	chromedriver!GetHandleVerifier [0x7ff71dd1c012+346572]
	chromedriver!GetHandleVerifier [0x7ff71da07cb5+32215]
	chromedriver!GetHandleVerifier [0x7ff71da1087c+3addc]
	chromedriver!GetHandleVerifier [0x7ff71d9f40e4+1e644]
	chromedriver!GetHandleVerifier [0x7ff71d9f4296+1e7f6]
	chromedriver!GetHandleVerifier [0x7ff71d9d8737+2c97]
	KERNEL32!BaseThreadInitThunk [0x7ffded25e8d7+17]
	ntdll!RtlUserThreadStart [0x7ffded80c3fc+2c]

2026-04-28 19:27:02,445 - WARNING - Error producto: Message: stale element reference: stale element not found in the current frame
  (Session info: chrome=147.0.7727.137); For documentation on this error, please visit: https://www.selenium.dev/documentation/webdriver/troubleshooting/errors#staleelementreferenceexception
Stacktrace:
	chromedriver!GetHandleVerifier [0x7ff71d9ea8e5+14e45]
	chromedriver!GetHandleVerifier [0x7ff71d9ea950+14eb0]
	chromedriver!(No symbol) [0x7ff71d75d6ed]
	chromedriver!(No symbol) [0x7ff71d765671]
	chromedriver!(No symbol) [0x7ff71d768795]
	chromedriver!(No symbol) [0x7ff71d76885f]
	chromedriver!(No symbol) [0x7ff71d7b647e]
	chromedriver!(No symbol) [0x7ff71d7b700c]
	chromedriver!(No symbol) [0x7ff71d7ab0ac]
	chromedriver!(No symbol) [0x7ff71d7aaa46]
	chromedriver!(No symbol) [0x7ff71d80483b]
	chromedriver!(No symbol) [0x7ff71d7a90e8]
	chromedriver!(No symbol) [0x7ff71d7a9fc3]
	chromedriver!GetHandleVerifier [0x7ff71dd00149+32a6a9]
	chromedriver!GetHandleVerifier [0x7ff71dcfa715+324c75]
	chromedriver!GetHandleVerifier [0x7ff71dd1c012+346572]
	chromedriver!GetHandleVerifier [0x7ff71da07cb5+32215]
	chromedriver!GetHandleVerifier [0x7ff71da1087c+3addc]
	chromedriver!GetHandleVerifier [0x7ff71d9f40e4+1e644]
	chromedriver!GetHandleVerifier [0x7ff71d9f4296+1e7f6]
	chromedriver!GetHandleVerifier [0x7ff71d9d8737+2c97]
	KERNEL32!BaseThreadInitThunk [0x7ffded25e8d7+17]
	ntdll!RtlUserThreadStart [0x7ffded80c3fc+2c]

2026-04-28 19:27:02,450 - WARNING - Error producto: Message: stale element reference: stale element not found in the current frame
  (Session info: chrome=147.0.7727.137); For documentation on this error, please visit: https://www.selenium.dev/documentation/webdriver/troubleshooting/errors#staleelementreferenceexception
Stacktrace:
	chromedriver!GetHandleVerifier [0x7ff71d9ea8e5+14e45]
	chromedriver!GetHandleVerifier [0x7ff71d9ea950+14eb0]
	chromedriver!(No symbol) [0x7ff71d75d6ed]
	chromedriver!(No symbol) [0x7ff71d765671]
	chromedriver!(No symbol) [0x7ff71d768795]
	chromedriver!(No symbol) [0x7ff71d76885f]
	chromedriver!(No symbol) [0x7ff71d7b647e]
	chromedriver!(No symbol) [0x7ff71d7b700c]
	chromedriver!(No symbol) [0x7ff71d7ab0ac]
	chromedriver!(No symbol) [0x7ff71d7aaa46]
	chromedriver!(No symbol) [0x7ff71d80483b]
	chromedriver!(No symbol) [0x7ff71d7a90e8]
	chromedriver!(No symbol) [0x7ff71d7a9fc3]
	chromedriver!GetHandleVerifier [0x7ff71dd00149+32a6a9]
	chromedriver!GetHandleVerifier [0x7ff71dcfa715+324c75]
	chromedriver!GetHandleVerifier [0x7ff71dd1c012+346572]
	chromedriver!GetHandleVerifier [0x7ff71da07cb5+32215]
	chromedriver!GetHandleVerifier [0x7ff71da1087c+3addc]
	chromedriver!GetHandleVerifier [0x7ff71d9f40e4+1e644]
	chromedriver!GetHandleVerifier [0x7ff71d9f4296+1e7f6]
	chromedriver!GetHandleVerifier [0x7ff71d9d8737+2c97]
	KERNEL32!BaseThreadInitThunk [0x7ffded25e8d7+17]
	ntdll!RtlUserThreadStart [0x7ffded80c3fc+2c]

2026-04-28 19:27:02,453 - WARNING - Error producto: Message: stale element reference: stale element not found in the current frame
  (Session info: chrome=147.0.7727.137); For documentation on this error, please visit: https://www.selenium.dev/documentation/webdriver/troubleshooting/errors#staleelementreferenceexception
Stacktrace:
	chromedriver!GetHandleVerifier [0x7ff71d9ea8e5+14e45]
	chromedriver!GetHandleVerifier [0x7ff71d9ea950+14eb0]
	chromedriver!(No symbol) [0x7ff71d75d6ed]
	chromedriver!(No symbol) [0x7ff71d765671]
	chromedriver!(No symbol) [0x7ff71d768795]
	chromedriver!(No symbol) [0x7ff71d76885f]
	chromedriver!(No symbol) [0x7ff71d7b647e]
	chromedriver!(No symbol) [0x7ff71d7b700c]
	chromedriver!(No symbol) [0x7ff71d7ab0ac]
	chromedriver!(No symbol) [0x7ff71d7aaa46]
	chromedriver!(No symbol) [0x7ff71d80483b]
	chromedriver!(No symbol) [0x7ff71d7a90e8]
	chromedriver!(No symbol) [0x7ff71d7a9fc3]
	chromedriver!GetHandleVerifier [0x7ff71dd00149+32a6a9]
	chromedriver!GetHandleVerifier [0x7ff71dcfa715+324c75]
	chromedriver!GetHandleVerifier [0x7ff71dd1c012+346572]
	chromedriver!GetHandleVerifier [0x7ff71da07cb5+32215]
	chromedriver!GetHandleVerifier [0x7ff71da1087c+3addc]
	chromedriver!GetHandleVerifier [0x7ff71d9f40e4+1e644]
	chromedriver!GetHandleVerifier [0x7ff71d9f4296+1e7f6]
	chromedriver!GetHandleVerifier [0x7ff71d9d8737+2c97]
	KERNEL32!BaseThreadInitThunk [0x7ffded25e8d7+17]
	ntdll!RtlUserThreadStart [0x7ffded80c3fc+2c]

2026-04-28 19:27:02,458 - WARNING - Error producto: Message: stale element reference: stale element not found in the current frame
  (Session info: chrome=147.0.7727.137); For documentation on this error, please visit: https://www.selenium.dev/documentation/webdriver/troubleshooting/errors#staleelementreferenceexception
Stacktrace:
	chromedriver!GetHandleVerifier [0x7ff71d9ea8e5+14e45]
	chromedriver!GetHandleVerifier [0x7ff71d9ea950+14eb0]
	chromedriver!(No symbol) [0x7ff71d75d6ed]
	chromedriver!(No symbol) [0x7ff71d765671]
	chromedriver!(No symbol) [0x7ff71d768795]
	chromedriver!(No symbol) [0x7ff71d76885f]
	chromedriver!(No symbol) [0x7ff71d7b647e]
	chromedriver!(No symbol) [0x7ff71d7b700c]
	chromedriver!(No symbol) [0x7ff71d7ab0ac]
	chromedriver!(No symbol) [0x7ff71d7aaa46]
	chromedriver!(No symbol) [0x7ff71d80483b]
	chromedriver!(No symbol) [0x7ff71d7a90e8]
	chromedriver!(No symbol) [0x7ff71d7a9fc3]
	chromedriver!GetHandleVerifier [0x7ff71dd00149+32a6a9]
	chromedriver!GetHandleVerifier [0x7ff71dcfa715+324c75]
	chromedriver!GetHandleVerifier [0x7ff71dd1c012+346572]
	chromedriver!GetHandleVerifier [0x7ff71da07cb5+32215]
	chromedriver!GetHandleVerifier [0x7ff71da1087c+3addc]
	chromedriver!GetHandleVerifier [0x7ff71d9f40e4+1e644]
	chromedriver!GetHandleVerifier [0x7ff71d9f4296+1e7f6]
	chromedriver!GetHandleVerifier [0x7ff71d9d8737+2c97]
	KERNEL32!BaseThreadInitThunk [0x7ffded25e8d7+17]
	ntdll!RtlUserThreadStart [0x7ffded80c3fc+2c]

2026-04-28 19:27:02,462 - WARNING - Error producto: Message: stale element reference: stale element not found in the current frame
  (Session info: chrome=147.0.7727.137); For documentation on this error, please visit: https://www.selenium.dev/documentation/webdriver/troubleshooting/errors#staleelementreferenceexception
Stacktrace:
	chromedriver!GetHandleVerifier [0x7ff71d9ea8e5+14e45]
	chromedriver!GetHandleVerifier [0x7ff71d9ea950+14eb0]
	chromedriver!(No symbol) [0x7ff71d75d6ed]
	chromedriver!(No symbol) [0x7ff71d765671]
	chromedriver!(No symbol) [0x7ff71d768795]
	chromedriver!(No symbol) [0x7ff71d76885f]
	chromedriver!(No symbol) [0x7ff71d7b647e]
	chromedriver!(No symbol) [0x7ff71d7b700c]
	chromedriver!(No symbol) [0x7ff71d7ab0ac]
	chromedriver!(No symbol) [0x7ff71d7aaa46]
	chromedriver!(No symbol) [0x7ff71d80483b]
	chromedriver!(No symbol) [0x7ff71d7a90e8]
	chromedriver!(No symbol) [0x7ff71d7a9fc3]
	chromedriver!GetHandleVerifier [0x7ff71dd00149+32a6a9]
	chromedriver!GetHandleVerifier [0x7ff71dcfa715+324c75]
	chromedriver!GetHandleVerifier [0x7ff71dd1c012+346572]
	chromedriver!GetHandleVerifier [0x7ff71da07cb5+32215]
	chromedriver!GetHandleVerifier [0x7ff71da1087c+3addc]
	chromedriver!GetHandleVerifier [0x7ff71d9f40e4+1e644]
	chromedriver!GetHandleVerifier [0x7ff71d9f4296+1e7f6]
	chromedriver!GetHandleVerifier [0x7ff71d9d8737+2c97]
	KERNEL32!BaseThreadInitThunk [0x7ffded25e8d7+17]
	ntdll!RtlUserThreadStart [0x7ffded80c3fc+2c]

2026-04-28 19:27:02,466 - WARNING - Error producto: Message: stale element reference: stale element not found in the current frame
  (Session info: chrome=147.0.7727.137); For documentation on this error, please visit: https://www.selenium.dev/documentation/webdriver/troubleshooting/errors#staleelementreferenceexception
Stacktrace:
	chromedriver!GetHandleVerifier [0x7ff71d9ea8e5+14e45]
	chromedriver!GetHandleVerifier [0x7ff71d9ea950+14eb0]
	chromedriver!(No symbol) [0x7ff71d75d6ed]
	chromedriver!(No symbol) [0x7ff71d765671]
	chromedriver!(No symbol) [0x7ff71d768795]
	chromedriver!(No symbol) [0x7ff71d76885f]
	chromedriver!(No symbol) [0x7ff71d7b647e]
	chromedriver!(No symbol) [0x7ff71d7b700c]
	chromedriver!(No symbol) [0x7ff71d7ab0ac]
	chromedriver!(No symbol) [0x7ff71d7aaa46]
	chromedriver!(No symbol) [0x7ff71d80483b]
	chromedriver!(No symbol) [0x7ff71d7a90e8]
	chromedriver!(No symbol) [0x7ff71d7a9fc3]
	chromedriver!GetHandleVerifier [0x7ff71dd00149+32a6a9]
	chromedriver!GetHandleVerifier [0x7ff71dcfa715+324c75]
	chromedriver!GetHandleVerifier [0x7ff71dd1c012+346572]
	chromedriver!GetHandleVerifier [0x7ff71da07cb5+32215]
	chromedriver!GetHandleVerifier [0x7ff71da1087c+3addc]
	chromedriver!GetHandleVerifier [0x7ff71d9f40e4+1e644]
	chromedriver!GetHandleVerifier [0x7ff71d9f4296+1e7f6]
	chromedriver!GetHandleVerifier [0x7ff71d9d8737+2c97]
	KERNEL32!BaseThreadInitThunk [0x7ffded25e8d7+17]
	ntdll!RtlUserThreadStart [0x7ffded80c3fc+2c]

2026-04-28 19:27:02,470 - WARNING - Error producto: Message: stale element reference: stale element not found in the current frame
  (Session info: chrome=147.0.7727.137); For documentation on this error, please visit: https://www.selenium.dev/documentation/webdriver/troubleshooting/errors#staleelementreferenceexception
Stacktrace:
	chromedriver!GetHandleVerifier [0x7ff71d9ea8e5+14e45]
	chromedriver!GetHandleVerifier [0x7ff71d9ea950+14eb0]
	chromedriver!(No symbol) [0x7ff71d75d6ed]
	chromedriver!(No symbol) [0x7ff71d765671]
	chromedriver!(No symbol) [0x7ff71d768795]
	chromedriver!(No symbol) [0x7ff71d76885f]
	chromedriver!(No symbol) [0x7ff71d7b647e]
	chromedriver!(No symbol) [0x7ff71d7b700c]
	chromedriver!(No symbol) [0x7ff71d7ab0ac]
	chromedriver!(No symbol) [0x7ff71d7aaa46]
	chromedriver!(No symbol) [0x7ff71d80483b]
	chromedriver!(No symbol) [0x7ff71d7a90e8]
	chromedriver!(No symbol) [0x7ff71d7a9fc3]
	chromedriver!GetHandleVerifier [0x7ff71dd00149+32a6a9]
	chromedriver!GetHandleVerifier [0x7ff71dcfa715+324c75]
	chromedriver!GetHandleVerifier [0x7ff71dd1c012+346572]
	chromedriver!GetHandleVerifier [0x7ff71da07cb5+32215]
	chromedriver!GetHandleVerifier [0x7ff71da1087c+3addc]
	chromedriver!GetHandleVerifier [0x7ff71d9f40e4+1e644]
	chromedriver!GetHandleVerifier [0x7ff71d9f4296+1e7f6]
	chromedriver!GetHandleVerifier [0x7ff71d9d8737+2c97]
	KERNEL32!BaseThreadInitThunk [0x7ffded25e8d7+17]
	ntdll!RtlUserThreadStart [0x7ffded80c3fc+2c]

2026-04-28 19:27:02,474 - WARNING - Error producto: Message: stale element reference: stale element not found in the current frame
  (Session info: chrome=147.0.7727.137); For documentation on this error, please visit: https://www.selenium.dev/documentation/webdriver/troubleshooting/errors#staleelementreferenceexception
Stacktrace:
	chromedriver!GetHandleVerifier [0x7ff71d9ea8e5+14e45]
	chromedriver!GetHandleVerifier [0x7ff71d9ea950+14eb0]
	chromedriver!(No symbol) [0x7ff71d75d6ed]
	chromedriver!(No symbol) [0x7ff71d765671]
	chromedriver!(No symbol) [0x7ff71d768795]
	chromedriver!(No symbol) [0x7ff71d76885f]
	chromedriver!(No symbol) [0x7ff71d7b647e]
	chromedriver!(No symbol) [0x7ff71d7b700c]
	chromedriver!(No symbol) [0x7ff71d7ab0ac]
	chromedriver!(No symbol) [0x7ff71d7aaa46]
	chromedriver!(No symbol) [0x7ff71d80483b]
	chromedriver!(No symbol) [0x7ff71d7a90e8]
	chromedriver!(No symbol) [0x7ff71d7a9fc3]
	chromedriver!GetHandleVerifier [0x7ff71dd00149+32a6a9]
	chromedriver!GetHandleVerifier [0x7ff71dcfa715+324c75]
	chromedriver!GetHandleVerifier [0x7ff71dd1c012+346572]
	chromedriver!GetHandleVerifier [0x7ff71da07cb5+32215]
	chromedriver!GetHandleVerifier [0x7ff71da1087c+3addc]
	chromedriver!GetHandleVerifier [0x7ff71d9f40e4+1e644]
	chromedriver!GetHandleVerifier [0x7ff71d9f4296+1e7f6]
	chromedriver!GetHandleVerifier [0x7ff71d9d8737+2c97]
	KERNEL32!BaseThreadInitThunk [0x7ffded25e8d7+17]
	ntdll!RtlUserThreadStart [0x7ffded80c3fc+2c]

2026-04-28 19:27:02,478 - WARNING - Error producto: Message: stale element reference: stale element not found in the current frame
  (Session info: chrome=147.0.7727.137); For documentation on this error, please visit: https://www.selenium.dev/documentation/webdriver/troubleshooting/errors#staleelementreferenceexception
Stacktrace:
	chromedriver!GetHandleVerifier [0x7ff71d9ea8e5+14e45]
	chromedriver!GetHandleVerifier [0x7ff71d9ea950+14eb0]
	chromedriver!(No symbol) [0x7ff71d75d6ed]
	chromedriver!(No symbol) [0x7ff71d765671]
	chromedriver!(No symbol) [0x7ff71d768795]
	chromedriver!(No symbol) [0x7ff71d76885f]
	chromedriver!(No symbol) [0x7ff71d7b647e]
	chromedriver!(No symbol) [0x7ff71d7b700c]
	chromedriver!(No symbol) [0x7ff71d7ab0ac]
	chromedriver!(No symbol) [0x7ff71d7aaa46]
	chromedriver!(No symbol) [0x7ff71d80483b]
	chromedriver!(No symbol) [0x7ff71d7a90e8]
	chromedriver!(No symbol) [0x7ff71d7a9fc3]
	chromedriver!GetHandleVerifier [0x7ff71dd00149+32a6a9]
	chromedriver!GetHandleVerifier [0x7ff71dcfa715+324c75]
	chromedriver!GetHandleVerifier [0x7ff71dd1c012+346572]
	chromedriver!GetHandleVerifier [0x7ff71da07cb5+32215]
	chromedriver!GetHandleVerifier [0x7ff71da1087c+3addc]
	chromedriver!GetHandleVerifier [0x7ff71d9f40e4+1e644]
	chromedriver!GetHandleVerifier [0x7ff71d9f4296+1e7f6]
	chromedriver!GetHandleVerifier [0x7ff71d9d8737+2c97]
	KERNEL32!BaseThreadInitThunk [0x7ffded25e8d7+17]
	ntdll!RtlUserThreadStart [0x7ffded80c3fc+2c]

2026-04-28 19:27:02,482 - WARNING - Error producto: Message: stale element reference: stale element not found in the current frame
  (Session info: chrome=147.0.7727.137); For documentation on this error, please visit: https://www.selenium.dev/documentation/webdriver/troubleshooting/errors#staleelementreferenceexception
Stacktrace:
	chromedriver!GetHandleVerifier [0x7ff71d9ea8e5+14e45]
	chromedriver!GetHandleVerifier [0x7ff71d9ea950+14eb0]
	chromedriver!(No symbol) [0x7ff71d75d6ed]
	chromedriver!(No symbol) [0x7ff71d765671]
	chromedriver!(No symbol) [0x7ff71d768795]
	chromedriver!(No symbol) [0x7ff71d76885f]
	chromedriver!(No symbol) [0x7ff71d7b647e]
	chromedriver!(No symbol) [0x7ff71d7b700c]
	chromedriver!(No symbol) [0x7ff71d7ab0ac]
	chromedriver!(No symbol) [0x7ff71d7aaa46]
	chromedriver!(No symbol) [0x7ff71d80483b]
	chromedriver!(No symbol) [0x7ff71d7a90e8]
	chromedriver!(No symbol) [0x7ff71d7a9fc3]
	chromedriver!GetHandleVerifier [0x7ff71dd00149+32a6a9]
	chromedriver!GetHandleVerifier [0x7ff71dcfa715+324c75]
	chromedriver!GetHandleVerifier [0x7ff71dd1c012+346572]
	chromedriver!GetHandleVerifier [0x7ff71da07cb5+32215]
	chromedriver!GetHandleVerifier [0x7ff71da1087c+3addc]
	chromedriver!GetHandleVerifier [0x7ff71d9f40e4+1e644]
	chromedriver!GetHandleVerifier [0x7ff71d9f4296+1e7f6]
	chromedriver!GetHandleVerifier [0x7ff71d9d8737+2c97]
	KERNEL32!BaseThreadInitThunk [0x7ffded25e8d7+17]
	ntdll!RtlUserThreadStart [0x7ffded80c3fc+2c]

2026-04-28 19:27:02,486 - WARNING - Error producto: Message: stale element reference: stale element not found in the current frame
  (Session info: chrome=147.0.7727.137); For documentation on this error, please visit: https://www.selenium.dev/documentation/webdriver/troubleshooting/errors#staleelementreferenceexception
Stacktrace:
	chromedriver!GetHandleVerifier [0x7ff71d9ea8e5+14e45]
	chromedriver!GetHandleVerifier [0x7ff71d9ea950+14eb0]
	chromedriver!(No symbol) [0x7ff71d75d6ed]
	chromedriver!(No symbol) [0x7ff71d765671]
	chromedriver!(No symbol) [0x7ff71d768795]
	chromedriver!(No symbol) [0x7ff71d76885f]
	chromedriver!(No symbol) [0x7ff71d7b647e]
	chromedriver!(No symbol) [0x7ff71d7b700c]
	chromedriver!(No symbol) [0x7ff71d7ab0ac]
	chromedriver!(No symbol) [0x7ff71d7aaa46]
	chromedriver!(No symbol) [0x7ff71d80483b]
	chromedriver!(No symbol) [0x7ff71d7a90e8]
	chromedriver!(No symbol) [0x7ff71d7a9fc3]
	chromedriver!GetHandleVerifier [0x7ff71dd00149+32a6a9]
	chromedriver!GetHandleVerifier [0x7ff71dcfa715+324c75]
	chromedriver!GetHandleVerifier [0x7ff71dd1c012+346572]
	chromedriver!GetHandleVerifier [0x7ff71da07cb5+32215]
	chromedriver!GetHandleVerifier [0x7ff71da1087c+3addc]
	chromedriver!GetHandleVerifier [0x7ff71d9f40e4+1e644]
	chromedriver!GetHandleVerifier [0x7ff71d9f4296+1e7f6]
	chromedriver!GetHandleVerifier [0x7ff71d9d8737+2c97]
	KERNEL32!BaseThreadInitThunk [0x7ffded25e8d7+17]
	ntdll!RtlUserThreadStart [0x7ffded80c3fc+2c]

2026-04-28 19:27:02,490 - WARNING - Error producto: Message: stale element reference: stale element not found in the current frame
  (Session info: chrome=147.0.7727.137); For documentation on this error, please visit: https://www.selenium.dev/documentation/webdriver/troubleshooting/errors#staleelementreferenceexception
Stacktrace:
	chromedriver!GetHandleVerifier [0x7ff71d9ea8e5+14e45]
	chromedriver!GetHandleVerifier [0x7ff71d9ea950+14eb0]
	chromedriver!(No symbol) [0x7ff71d75d6ed]
	chromedriver!(No symbol) [0x7ff71d765671]
	chromedriver!(No symbol) [0x7ff71d768795]
	chromedriver!(No symbol) [0x7ff71d76885f]
	chromedriver!(No symbol) [0x7ff71d7b647e]
	chromedriver!(No symbol) [0x7ff71d7b700c]
	chromedriver!(No symbol) [0x7ff71d7ab0ac]
	chromedriver!(No symbol) [0x7ff71d7aaa46]
	chromedriver!(No symbol) [0x7ff71d80483b]
	chromedriver!(No symbol) [0x7ff71d7a90e8]
	chromedriver!(No symbol) [0x7ff71d7a9fc3]
	chromedriver!GetHandleVerifier [0x7ff71dd00149+32a6a9]
	chromedriver!GetHandleVerifier [0x7ff71dcfa715+324c75]
	chromedriver!GetHandleVerifier [0x7ff71dd1c012+346572]
	chromedriver!GetHandleVerifier [0x7ff71da07cb5+32215]
	chromedriver!GetHandleVerifier [0x7ff71da1087c+3addc]
	chromedriver!GetHandleVerifier [0x7ff71d9f40e4+1e644]
	chromedriver!GetHandleVerifier [0x7ff71d9f4296+1e7f6]
	chromedriver!GetHandleVerifier [0x7ff71d9d8737+2c97]
	KERNEL32!BaseThreadInitThunk [0x7ffded25e8d7+17]
	ntdll!RtlUserThreadStart [0x7ffded80c3fc+2c]

2026-04-28 19:27:02,494 - WARNING - Error producto: Message: stale element reference: stale element not found in the current frame
  (Session info: chrome=147.0.7727.137); For documentation on this error, please visit: https://www.selenium.dev/documentation/webdriver/troubleshooting/errors#staleelementreferenceexception
Stacktrace:
	chromedriver!GetHandleVerifier [0x7ff71d9ea8e5+14e45]
	chromedriver!GetHandleVerifier [0x7ff71d9ea950+14eb0]
	chromedriver!(No symbol) [0x7ff71d75d6ed]
	chromedriver!(No symbol) [0x7ff71d765671]
	chromedriver!(No symbol) [0x7ff71d768795]
	chromedriver!(No symbol) [0x7ff71d76885f]
	chromedriver!(No symbol) [0x7ff71d7b647e]
	chromedriver!(No symbol) [0x7ff71d7b700c]
	chromedriver!(No symbol) [0x7ff71d7ab0ac]
	chromedriver!(No symbol) [0x7ff71d7aaa46]
	chromedriver!(No symbol) [0x7ff71d80483b]
	chromedriver!(No symbol) [0x7ff71d7a90e8]
	chromedriver!(No symbol) [0x7ff71d7a9fc3]
	chromedriver!GetHandleVerifier [0x7ff71dd00149+32a6a9]
	chromedriver!GetHandleVerifier [0x7ff71dcfa715+324c75]
	chromedriver!GetHandleVerifier [0x7ff71dd1c012+346572]
	chromedriver!GetHandleVerifier [0x7ff71da07cb5+32215]
	chromedriver!GetHandleVerifier [0x7ff71da1087c+3addc]
	chromedriver!GetHandleVerifier [0x7ff71d9f40e4+1e644]
	chromedriver!GetHandleVerifier [0x7ff71d9f4296+1e7f6]
	chromedriver!GetHandleVerifier [0x7ff71d9d8737+2c97]
	KERNEL32!BaseThreadInitThunk [0x7ffded25e8d7+17]
	ntdll!RtlUserThreadStart [0x7ffded80c3fc+2c]

2026-04-28 19:27:02,498 - WARNING - Error producto: Message: stale element reference: stale element not found in the current frame
  (Session info: chrome=147.0.7727.137); For documentation on this error, please visit: https://www.selenium.dev/documentation/webdriver/troubleshooting/errors#staleelementreferenceexception
Stacktrace:
	chromedriver!GetHandleVerifier [0x7ff71d9ea8e5+14e45]
	chromedriver!GetHandleVerifier [0x7ff71d9ea950+14eb0]
	chromedriver!(No symbol) [0x7ff71d75d6ed]
	chromedriver!(No symbol) [0x7ff71d765671]
	chromedriver!(No symbol) [0x7ff71d768795]
	chromedriver!(No symbol) [0x7ff71d76885f]
	chromedriver!(No symbol) [0x7ff71d7b647e]
	chromedriver!(No symbol) [0x7ff71d7b700c]
	chromedriver!(No symbol) [0x7ff71d7ab0ac]
	chromedriver!(No symbol) [0x7ff71d7aaa46]
	chromedriver!(No symbol) [0x7ff71d80483b]
	chromedriver!(No symbol) [0x7ff71d7a90e8]
	chromedriver!(No symbol) [0x7ff71d7a9fc3]
	chromedriver!GetHandleVerifier [0x7ff71dd00149+32a6a9]
	chromedriver!GetHandleVerifier [0x7ff71dcfa715+324c75]
	chromedriver!GetHandleVerifier [0x7ff71dd1c012+346572]
	chromedriver!GetHandleVerifier [0x7ff71da07cb5+32215]
	chromedriver!GetHandleVerifier [0x7ff71da1087c+3addc]
	chromedriver!GetHandleVerifier [0x7ff71d9f40e4+1e644]
	chromedriver!GetHandleVerifier [0x7ff71d9f4296+1e7f6]
	chromedriver!GetHandleVerifier [0x7ff71d9d8737+2c97]
	KERNEL32!BaseThreadInitThunk [0x7ffded25e8d7+17]
	ntdll!RtlUserThreadStart [0x7ffded80c3fc+2c]

2026-04-28 19:27:02,501 - WARNING - Error producto: Message: stale element reference: stale element not found in the current frame
  (Session info: chrome=147.0.7727.137); For documentation on this error, please visit: https://www.selenium.dev/documentation/webdriver/troubleshooting/errors#staleelementreferenceexception
Stacktrace:
	chromedriver!GetHandleVerifier [0x7ff71d9ea8e5+14e45]
	chromedriver!GetHandleVerifier [0x7ff71d9ea950+14eb0]
	chromedriver!(No symbol) [0x7ff71d75d6ed]
	chromedriver!(No symbol) [0x7ff71d765671]
	chromedriver!(No symbol) [0x7ff71d768795]
	chromedriver!(No symbol) [0x7ff71d76885f]
	chromedriver!(No symbol) [0x7ff71d7b647e]
	chromedriver!(No symbol) [0x7ff71d7b700c]
	chromedriver!(No symbol) [0x7ff71d7ab0ac]
	chromedriver!(No symbol) [0x7ff71d7aaa46]
	chromedriver!(No symbol) [0x7ff71d80483b]
	chromedriver!(No symbol) [0x7ff71d7a90e8]
	chromedriver!(No symbol) [0x7ff71d7a9fc3]
	chromedriver!GetHandleVerifier [0x7ff71dd00149+32a6a9]
	chromedriver!GetHandleVerifier [0x7ff71dcfa715+324c75]
	chromedriver!GetHandleVerifier [0x7ff71dd1c012+346572]
	chromedriver!GetHandleVerifier [0x7ff71da07cb5+32215]
	chromedriver!GetHandleVerifier [0x7ff71da1087c+3addc]
	chromedriver!GetHandleVerifier [0x7ff71d9f40e4+1e644]
	chromedriver!GetHandleVerifier [0x7ff71d9f4296+1e7f6]
	chromedriver!GetHandleVerifier [0x7ff71d9d8737+2c97]
	KERNEL32!BaseThreadInitThunk [0x7ffded25e8d7+17]
	ntdll!RtlUserThreadStart [0x7ffded80c3fc+2c]

2026-04-28 19:27:02,506 - WARNING - Error producto: Message: stale element reference: stale element not found in the current frame
  (Session info: chrome=147.0.7727.137); For documentation on this error, please visit: https://www.selenium.dev/documentation/webdriver/troubleshooting/errors#staleelementreferenceexception
Stacktrace:
	chromedriver!GetHandleVerifier [0x7ff71d9ea8e5+14e45]
	chromedriver!GetHandleVerifier [0x7ff71d9ea950+14eb0]
	chromedriver!(No symbol) [0x7ff71d75d6ed]
	chromedriver!(No symbol) [0x7ff71d765671]
	chromedriver!(No symbol) [0x7ff71d768795]
	chromedriver!(No symbol) [0x7ff71d76885f]
	chromedriver!(No symbol) [0x7ff71d7b647e]
	chromedriver!(No symbol) [0x7ff71d7b700c]
	chromedriver!(No symbol) [0x7ff71d7ab0ac]
	chromedriver!(No symbol) [0x7ff71d7aaa46]
	chromedriver!(No symbol) [0x7ff71d80483b]
	chromedriver!(No symbol) [0x7ff71d7a90e8]
	chromedriver!(No symbol) [0x7ff71d7a9fc3]
	chromedriver!GetHandleVerifier [0x7ff71dd00149+32a6a9]
	chromedriver!GetHandleVerifier [0x7ff71dcfa715+324c75]
	chromedriver!GetHandleVerifier [0x7ff71dd1c012+346572]
	chromedriver!GetHandleVerifier [0x7ff71da07cb5+32215]
	chromedriver!GetHandleVerifier [0x7ff71da1087c+3addc]
	chromedriver!GetHandleVerifier [0x7ff71d9f40e4+1e644]
	chromedriver!GetHandleVerifier [0x7ff71d9f4296+1e7f6]
	chromedriver!GetHandleVerifier [0x7ff71d9d8737+2c97]
	KERNEL32!BaseThreadInitThunk [0x7ffded25e8d7+17]
	ntdll!RtlUserThreadStart [0x7ffded80c3fc+2c]

2026-04-28 19:27:02,510 - WARNING - Error producto: Message: stale element reference: stale element not found in the current frame
  (Session info: chrome=147.0.7727.137); For documentation on this error, please visit: https://www.selenium.dev/documentation/webdriver/troubleshooting/errors#staleelementreferenceexception
Stacktrace:
	chromedriver!GetHandleVerifier [0x7ff71d9ea8e5+14e45]
	chromedriver!GetHandleVerifier [0x7ff71d9ea950+14eb0]
	chromedriver!(No symbol) [0x7ff71d75d6ed]
	chromedriver!(No symbol) [0x7ff71d765671]
	chromedriver!(No symbol) [0x7ff71d768795]
	chromedriver!(No symbol) [0x7ff71d76885f]
	chromedriver!(No symbol) [0x7ff71d7b647e]
	chromedriver!(No symbol) [0x7ff71d7b700c]
	chromedriver!(No symbol) [0x7ff71d7ab0ac]
	chromedriver!(No symbol) [0x7ff71d7aaa46]
	chromedriver!(No symbol) [0x7ff71d80483b]
	chromedriver!(No symbol) [0x7ff71d7a90e8]
	chromedriver!(No symbol) [0x7ff71d7a9fc3]
	chromedriver!GetHandleVerifier [0x7ff71dd00149+32a6a9]
	chromedriver!GetHandleVerifier [0x7ff71dcfa715+324c75]
	chromedriver!GetHandleVerifier [0x7ff71dd1c012+346572]
	chromedriver!GetHandleVerifier [0x7ff71da07cb5+32215]
	chromedriver!GetHandleVerifier [0x7ff71da1087c+3addc]
	chromedriver!GetHandleVerifier [0x7ff71d9f40e4+1e644]
	chromedriver!GetHandleVerifier [0x7ff71d9f4296+1e7f6]
	chromedriver!GetHandleVerifier [0x7ff71d9d8737+2c97]
	KERNEL32!BaseThreadInitThunk [0x7ffded25e8d7+17]
	ntdll!RtlUserThreadStart [0x7ffded80c3fc+2c]

2026-04-28 19:27:02,515 - WARNING - Error producto: Message: stale element reference: stale element not found in the current frame
  (Session info: chrome=147.0.7727.137); For documentation on this error, please visit: https://www.selenium.dev/documentation/webdriver/troubleshooting/errors#staleelementreferenceexception
Stacktrace:
	chromedriver!GetHandleVerifier [0x7ff71d9ea8e5+14e45]
	chromedriver!GetHandleVerifier [0x7ff71d9ea950+14eb0]
	chromedriver!(No symbol) [0x7ff71d75d6ed]
	chromedriver!(No symbol) [0x7ff71d765671]
	chromedriver!(No symbol) [0x7ff71d768795]
	chromedriver!(No symbol) [0x7ff71d76885f]
	chromedriver!(No symbol) [0x7ff71d7b647e]
	chromedriver!(No symbol) [0x7ff71d7b700c]
	chromedriver!(No symbol) [0x7ff71d7ab0ac]
	chromedriver!(No symbol) [0x7ff71d7aaa46]
	chromedriver!(No symbol) [0x7ff71d80483b]
	chromedriver!(No symbol) [0x7ff71d7a90e8]
	chromedriver!(No symbol) [0x7ff71d7a9fc3]
	chromedriver!GetHandleVerifier [0x7ff71dd00149+32a6a9]
	chromedriver!GetHandleVerifier [0x7ff71dcfa715+324c75]
	chromedriver!GetHandleVerifier [0x7ff71dd1c012+346572]
	chromedriver!GetHandleVerifier [0x7ff71da07cb5+32215]
	chromedriver!GetHandleVerifier [0x7ff71da1087c+3addc]
	chromedriver!GetHandleVerifier [0x7ff71d9f40e4+1e644]
	chromedriver!GetHandleVerifier [0x7ff71d9f4296+1e7f6]
	chromedriver!GetHandleVerifier [0x7ff71d9d8737+2c97]
	KERNEL32!BaseThreadInitThunk [0x7ffded25e8d7+17]
	ntdll!RtlUserThreadStart [0x7ffded80c3fc+2c]

2026-04-28 19:27:02,519 - WARNING - Error producto: Message: stale element reference: stale element not found in the current frame
  (Session info: chrome=147.0.7727.137); For documentation on this error, please visit: https://www.selenium.dev/documentation/webdriver/troubleshooting/errors#staleelementreferenceexception
Stacktrace:
	chromedriver!GetHandleVerifier [0x7ff71d9ea8e5+14e45]
	chromedriver!GetHandleVerifier [0x7ff71d9ea950+14eb0]
	chromedriver!(No symbol) [0x7ff71d75d6ed]
	chromedriver!(No symbol) [0x7ff71d765671]
	chromedriver!(No symbol) [0x7ff71d768795]
	chromedriver!(No symbol) [0x7ff71d76885f]
	chromedriver!(No symbol) [0x7ff71d7b647e]
	chromedriver!(No symbol) [0x7ff71d7b700c]
	chromedriver!(No symbol) [0x7ff71d7ab0ac]
	chromedriver!(No symbol) [0x7ff71d7aaa46]
	chromedriver!(No symbol) [0x7ff71d80483b]
	chromedriver!(No symbol) [0x7ff71d7a90e8]
	chromedriver!(No symbol) [0x7ff71d7a9fc3]
	chromedriver!GetHandleVerifier [0x7ff71dd00149+32a6a9]
	chromedriver!GetHandleVerifier [0x7ff71dcfa715+324c75]
	chromedriver!GetHandleVerifier [0x7ff71dd1c012+346572]
	chromedriver!GetHandleVerifier [0x7ff71da07cb5+32215]
	chromedriver!GetHandleVerifier [0x7ff71da1087c+3addc]
	chromedriver!GetHandleVerifier [0x7ff71d9f40e4+1e644]
	chromedriver!GetHandleVerifier [0x7ff71d9f4296+1e7f6]
	chromedriver!GetHandleVerifier [0x7ff71d9d8737+2c97]
	KERNEL32!BaseThreadInitThunk [0x7ffded25e8d7+17]
	ntdll!RtlUserThreadStart [0x7ffded80c3fc+2c]

2026-04-28 19:27:02,522 - WARNING - Error producto: Message: stale element reference: stale element not found in the current frame
  (Session info: chrome=147.0.7727.137); For documentation on this error, please visit: https://www.selenium.dev/documentation/webdriver/troubleshooting/errors#staleelementreferenceexception
Stacktrace:
	chromedriver!GetHandleVerifier [0x7ff71d9ea8e5+14e45]
	chromedriver!GetHandleVerifier [0x7ff71d9ea950+14eb0]
	chromedriver!(No symbol) [0x7ff71d75d6ed]
	chromedriver!(No symbol) [0x7ff71d765671]
	chromedriver!(No symbol) [0x7ff71d768795]
	chromedriver!(No symbol) [0x7ff71d76885f]
	chromedriver!(No symbol) [0x7ff71d7b647e]
	chromedriver!(No symbol) [0x7ff71d7b700c]
	chromedriver!(No symbol) [0x7ff71d7ab0ac]
	chromedriver!(No symbol) [0x7ff71d7aaa46]
	chromedriver!(No symbol) [0x7ff71d80483b]
	chromedriver!(No symbol) [0x7ff71d7a90e8]
	chromedriver!(No symbol) [0x7ff71d7a9fc3]
	chromedriver!GetHandleVerifier [0x7ff71dd00149+32a6a9]
	chromedriver!GetHandleVerifier [0x7ff71dcfa715+324c75]
	chromedriver!GetHandleVerifier [0x7ff71dd1c012+346572]
	chromedriver!GetHandleVerifier [0x7ff71da07cb5+32215]
	chromedriver!GetHandleVerifier [0x7ff71da1087c+3addc]
	chromedriver!GetHandleVerifier [0x7ff71d9f40e4+1e644]
	chromedriver!GetHandleVerifier [0x7ff71d9f4296+1e7f6]
	chromedriver!GetHandleVerifier [0x7ff71d9d8737+2c97]
	KERNEL32!BaseThreadInitThunk [0x7ffded25e8d7+17]
	ntdll!RtlUserThreadStart [0x7ffded80c3fc+2c]

2026-04-28 19:27:02,527 - WARNING - Error producto: Message: stale element reference: stale element not found in the current frame
  (Session info: chrome=147.0.7727.137); For documentation on this error, please visit: https://www.selenium.dev/documentation/webdriver/troubleshooting/errors#staleelementreferenceexception
Stacktrace:
	chromedriver!GetHandleVerifier [0x7ff71d9ea8e5+14e45]
	chromedriver!GetHandleVerifier [0x7ff71d9ea950+14eb0]
	chromedriver!(No symbol) [0x7ff71d75d6ed]
	chromedriver!(No symbol) [0x7ff71d765671]
	chromedriver!(No symbol) [0x7ff71d768795]
	chromedriver!(No symbol) [0x7ff71d76885f]
	chromedriver!(No symbol) [0x7ff71d7b647e]
	chromedriver!(No symbol) [0x7ff71d7b700c]
	chromedriver!(No symbol) [0x7ff71d7ab0ac]
	chromedriver!(No symbol) [0x7ff71d7aaa46]
	chromedriver!(No symbol) [0x7ff71d80483b]
	chromedriver!(No symbol) [0x7ff71d7a90e8]
	chromedriver!(No symbol) [0x7ff71d7a9fc3]
	chromedriver!GetHandleVerifier [0x7ff71dd00149+32a6a9]
	chromedriver!GetHandleVerifier [0x7ff71dcfa715+324c75]
	chromedriver!GetHandleVerifier [0x7ff71dd1c012+346572]
	chromedriver!GetHandleVerifier [0x7ff71da07cb5+32215]
	chromedriver!GetHandleVerifier [0x7ff71da1087c+3addc]
	chromedriver!GetHandleVerifier [0x7ff71d9f40e4+1e644]
	chromedriver!GetHandleVerifier [0x7ff71d9f4296+1e7f6]
	chromedriver!GetHandleVerifier [0x7ff71d9d8737+2c97]
	KERNEL32!BaseThreadInitThunk [0x7ffded25e8d7+17]
	ntdll!RtlUserThreadStart [0x7ffded80c3fc+2c]

2026-04-28 19:27:02,531 - WARNING - Error producto: Message: stale element reference: stale element not found in the current frame
  (Session info: chrome=147.0.7727.137); For documentation on this error, please visit: https://www.selenium.dev/documentation/webdriver/troubleshooting/errors#staleelementreferenceexception
Stacktrace:
	chromedriver!GetHandleVerifier [0x7ff71d9ea8e5+14e45]
	chromedriver!GetHandleVerifier [0x7ff71d9ea950+14eb0]
	chromedriver!(No symbol) [0x7ff71d75d6ed]
	chromedriver!(No symbol) [0x7ff71d765671]
	chromedriver!(No symbol) [0x7ff71d768795]
	chromedriver!(No symbol) [0x7ff71d76885f]
	chromedriver!(No symbol) [0x7ff71d7b647e]
	chromedriver!(No symbol) [0x7ff71d7b700c]
	chromedriver!(No symbol) [0x7ff71d7ab0ac]
	chromedriver!(No symbol) [0x7ff71d7aaa46]
	chromedriver!(No symbol) [0x7ff71d80483b]
	chromedriver!(No symbol) [0x7ff71d7a90e8]
	chromedriver!(No symbol) [0x7ff71d7a9fc3]
	chromedriver!GetHandleVerifier [0x7ff71dd00149+32a6a9]
	chromedriver!GetHandleVerifier [0x7ff71dcfa715+324c75]
	chromedriver!GetHandleVerifier [0x7ff71dd1c012+346572]
	chromedriver!GetHandleVerifier [0x7ff71da07cb5+32215]
	chromedriver!GetHandleVerifier [0x7ff71da1087c+3addc]
	chromedriver!GetHandleVerifier [0x7ff71d9f40e4+1e644]
	chromedriver!GetHandleVerifier [0x7ff71d9f4296+1e7f6]
	chromedriver!GetHandleVerifier [0x7ff71d9d8737+2c97]
	KERNEL32!BaseThreadInitThunk [0x7ffded25e8d7+17]
	ntdll!RtlUserThreadStart [0x7ffded80c3fc+2c]

2026-04-28 19:27:02,535 - WARNING - Error producto: Message: stale element reference: stale element not found in the current frame
  (Session info: chrome=147.0.7727.137); For documentation on this error, please visit: https://www.selenium.dev/documentation/webdriver/troubleshooting/errors#staleelementreferenceexception
Stacktrace:
	chromedriver!GetHandleVerifier [0x7ff71d9ea8e5+14e45]
	chromedriver!GetHandleVerifier [0x7ff71d9ea950+14eb0]
	chromedriver!(No symbol) [0x7ff71d75d6ed]
	chromedriver!(No symbol) [0x7ff71d765671]
	chromedriver!(No symbol) [0x7ff71d768795]
	chromedriver!(No symbol) [0x7ff71d76885f]
	chromedriver!(No symbol) [0x7ff71d7b647e]
	chromedriver!(No symbol) [0x7ff71d7b700c]
	chromedriver!(No symbol) [0x7ff71d7ab0ac]
	chromedriver!(No symbol) [0x7ff71d7aaa46]
	chromedriver!(No symbol) [0x7ff71d80483b]
	chromedriver!(No symbol) [0x7ff71d7a90e8]
	chromedriver!(No symbol) [0x7ff71d7a9fc3]
	chromedriver!GetHandleVerifier [0x7ff71dd00149+32a6a9]
	chromedriver!GetHandleVerifier [0x7ff71dcfa715+324c75]
	chromedriver!GetHandleVerifier [0x7ff71dd1c012+346572]
	chromedriver!GetHandleVerifier [0x7ff71da07cb5+32215]
	chromedriver!GetHandleVerifier [0x7ff71da1087c+3addc]
	chromedriver!GetHandleVerifier [0x7ff71d9f40e4+1e644]
	chromedriver!GetHandleVerifier [0x7ff71d9f4296+1e7f6]
	chromedriver!GetHandleVerifier [0x7ff71d9d8737+2c97]
	KERNEL32!BaseThreadInitThunk [0x7ffded25e8d7+17]
	ntdll!RtlUserThreadStart [0x7ffded80c3fc+2c]

2026-04-28 19:27:02,539 - WARNING - Error producto: Message: stale element reference: stale element not found in the current frame
  (Session info: chrome=147.0.7727.137); For documentation on this error, please visit: https://www.selenium.dev/documentation/webdriver/troubleshooting/errors#staleelementreferenceexception
Stacktrace:
	chromedriver!GetHandleVerifier [0x7ff71d9ea8e5+14e45]
	chromedriver!GetHandleVerifier [0x7ff71d9ea950+14eb0]
	chromedriver!(No symbol) [0x7ff71d75d6ed]
	chromedriver!(No symbol) [0x7ff71d765671]
	chromedriver!(No symbol) [0x7ff71d768795]
	chromedriver!(No symbol) [0x7ff71d76885f]
	chromedriver!(No symbol) [0x7ff71d7b647e]
	chromedriver!(No symbol) [0x7ff71d7b700c]
	chromedriver!(No symbol) [0x7ff71d7ab0ac]
	chromedriver!(No symbol) [0x7ff71d7aaa46]
	chromedriver!(No symbol) [0x7ff71d80483b]
	chromedriver!(No symbol) [0x7ff71d7a90e8]
	chromedriver!(No symbol) [0x7ff71d7a9fc3]
	chromedriver!GetHandleVerifier [0x7ff71dd00149+32a6a9]
	chromedriver!GetHandleVerifier [0x7ff71dcfa715+324c75]
	chromedriver!GetHandleVerifier [0x7ff71dd1c012+346572]
	chromedriver!GetHandleVerifier [0x7ff71da07cb5+32215]
	chromedriver!GetHandleVerifier [0x7ff71da1087c+3addc]
	chromedriver!GetHandleVerifier [0x7ff71d9f40e4+1e644]
	chromedriver!GetHandleVerifier [0x7ff71d9f4296+1e7f6]
	chromedriver!GetHandleVerifier [0x7ff71d9d8737+2c97]
	KERNEL32!BaseThreadInitThunk [0x7ffded25e8d7+17]
	ntdll!RtlUserThreadStart [0x7ffded80c3fc+2c]

2026-04-28 19:27:02,544 - WARNING - Error producto: Message: stale element reference: stale element not found in the current frame
  (Session info: chrome=147.0.7727.137); For documentation on this error, please visit: https://www.selenium.dev/documentation/webdriver/troubleshooting/errors#staleelementreferenceexception
Stacktrace:
	chromedriver!GetHandleVerifier [0x7ff71d9ea8e5+14e45]
	chromedriver!GetHandleVerifier [0x7ff71d9ea950+14eb0]
	chromedriver!(No symbol) [0x7ff71d75d6ed]
	chromedriver!(No symbol) [0x7ff71d765671]
	chromedriver!(No symbol) [0x7ff71d768795]
	chromedriver!(No symbol) [0x7ff71d76885f]
	chromedriver!(No symbol) [0x7ff71d7b647e]
	chromedriver!(No symbol) [0x7ff71d7b700c]
	chromedriver!(No symbol) [0x7ff71d7ab0ac]
	chromedriver!(No symbol) [0x7ff71d7aaa46]
	chromedriver!(No symbol) [0x7ff71d80483b]
	chromedriver!(No symbol) [0x7ff71d7a90e8]
	chromedriver!(No symbol) [0x7ff71d7a9fc3]
	chromedriver!GetHandleVerifier [0x7ff71dd00149+32a6a9]
	chromedriver!GetHandleVerifier [0x7ff71dcfa715+324c75]
	chromedriver!GetHandleVerifier [0x7ff71dd1c012+346572]
	chromedriver!GetHandleVerifier [0x7ff71da07cb5+32215]
	chromedriver!GetHandleVerifier [0x7ff71da1087c+3addc]
	chromedriver!GetHandleVerifier [0x7ff71d9f40e4+1e644]
	chromedriver!GetHandleVerifier [0x7ff71d9f4296+1e7f6]
	chromedriver!GetHandleVerifier [0x7ff71d9d8737+2c97]
	KERNEL32!BaseThreadInitThunk [0x7ffded25e8d7+17]
	ntdll!RtlUserThreadStart [0x7ffded80c3fc+2c]

2026-04-28 19:27:02,548 - WARNING - Error producto: Message: stale element reference: stale element not found in the current frame
  (Session info: chrome=147.0.7727.137); For documentation on this error, please visit: https://www.selenium.dev/documentation/webdriver/troubleshooting/errors#staleelementreferenceexception
Stacktrace:
	chromedriver!GetHandleVerifier [0x7ff71d9ea8e5+14e45]
	chromedriver!GetHandleVerifier [0x7ff71d9ea950+14eb0]
	chromedriver!(No symbol) [0x7ff71d75d6ed]
	chromedriver!(No symbol) [0x7ff71d765671]
	chromedriver!(No symbol) [0x7ff71d768795]
	chromedriver!(No symbol) [0x7ff71d76885f]
	chromedriver!(No symbol) [0x7ff71d7b647e]
	chromedriver!(No symbol) [0x7ff71d7b700c]
	chromedriver!(No symbol) [0x7ff71d7ab0ac]
	chromedriver!(No symbol) [0x7ff71d7aaa46]
	chromedriver!(No symbol) [0x7ff71d80483b]
	chromedriver!(No symbol) [0x7ff71d7a90e8]
	chromedriver!(No symbol) [0x7ff71d7a9fc3]
	chromedriver!GetHandleVerifier [0x7ff71dd00149+32a6a9]
	chromedriver!GetHandleVerifier [0x7ff71dcfa715+324c75]
	chromedriver!GetHandleVerifier [0x7ff71dd1c012+346572]
	chromedriver!GetHandleVerifier [0x7ff71da07cb5+32215]
	chromedriver!GetHandleVerifier [0x7ff71da1087c+3addc]
	chromedriver!GetHandleVerifier [0x7ff71d9f40e4+1e644]
	chromedriver!GetHandleVerifier [0x7ff71d9f4296+1e7f6]
	chromedriver!GetHandleVerifier [0x7ff71d9d8737+2c97]
	KERNEL32!BaseThreadInitThunk [0x7ffded25e8d7+17]
	ntdll!RtlUserThreadStart [0x7ffded80c3fc+2c]

2026-04-28 19:27:02,551 - WARNING - Error producto: Message: stale element reference: stale element not found in the current frame
  (Session info: chrome=147.0.7727.137); For documentation on this error, please visit: https://www.selenium.dev/documentation/webdriver/troubleshooting/errors#staleelementreferenceexception
Stacktrace:
	chromedriver!GetHandleVerifier [0x7ff71d9ea8e5+14e45]
	chromedriver!GetHandleVerifier [0x7ff71d9ea950+14eb0]
	chromedriver!(No symbol) [0x7ff71d75d6ed]
	chromedriver!(No symbol) [0x7ff71d765671]
	chromedriver!(No symbol) [0x7ff71d768795]
	chromedriver!(No symbol) [0x7ff71d76885f]
	chromedriver!(No symbol) [0x7ff71d7b647e]
	chromedriver!(No symbol) [0x7ff71d7b700c]
	chromedriver!(No symbol) [0x7ff71d7ab0ac]
	chromedriver!(No symbol) [0x7ff71d7aaa46]
	chromedriver!(No symbol) [0x7ff71d80483b]
	chromedriver!(No symbol) [0x7ff71d7a90e8]
	chromedriver!(No symbol) [0x7ff71d7a9fc3]
	chromedriver!GetHandleVerifier [0x7ff71dd00149+32a6a9]
	chromedriver!GetHandleVerifier [0x7ff71dcfa715+324c75]
	chromedriver!GetHandleVerifier [0x7ff71dd1c012+346572]
	chromedriver!GetHandleVerifier [0x7ff71da07cb5+32215]
	chromedriver!GetHandleVerifier [0x7ff71da1087c+3addc]
	chromedriver!GetHandleVerifier [0x7ff71d9f40e4+1e644]
	chromedriver!GetHandleVerifier [0x7ff71d9f4296+1e7f6]
	chromedriver!GetHandleVerifier [0x7ff71d9d8737+2c97]
	KERNEL32!BaseThreadInitThunk [0x7ffded25e8d7+17]
	ntdll!RtlUserThreadStart [0x7ffded80c3fc+2c]

2026-04-28 19:27:02,555 - WARNING - Error producto: Message: stale element reference: stale element not found in the current frame
  (Session info: chrome=147.0.7727.137); For documentation on this error, please visit: https://www.selenium.dev/documentation/webdriver/troubleshooting/errors#staleelementreferenceexception
Stacktrace:
	chromedriver!GetHandleVerifier [0x7ff71d9ea8e5+14e45]
	chromedriver!GetHandleVerifier [0x7ff71d9ea950+14eb0]
	chromedriver!(No symbol) [0x7ff71d75d6ed]
	chromedriver!(No symbol) [0x7ff71d765671]
	chromedriver!(No symbol) [0x7ff71d768795]
	chromedriver!(No symbol) [0x7ff71d76885f]
	chromedriver!(No symbol) [0x7ff71d7b647e]
	chromedriver!(No symbol) [0x7ff71d7b700c]
	chromedriver!(No symbol) [0x7ff71d7ab0ac]
	chromedriver!(No symbol) [0x7ff71d7aaa46]
	chromedriver!(No symbol) [0x7ff71d80483b]
	chromedriver!(No symbol) [0x7ff71d7a90e8]
	chromedriver!(No symbol) [0x7ff71d7a9fc3]
	chromedriver!GetHandleVerifier [0x7ff71dd00149+32a6a9]
	chromedriver!GetHandleVerifier [0x7ff71dcfa715+324c75]
	chromedriver!GetHandleVerifier [0x7ff71dd1c012+346572]
	chromedriver!GetHandleVerifier [0x7ff71da07cb5+32215]
	chromedriver!GetHandleVerifier [0x7ff71da1087c+3addc]
	chromedriver!GetHandleVerifier [0x7ff71d9f40e4+1e644]
	chromedriver!GetHandleVerifier [0x7ff71d9f4296+1e7f6]
	chromedriver!GetHandleVerifier [0x7ff71d9d8737+2c97]
	KERNEL32!BaseThreadInitThunk [0x7ffded25e8d7+17]
	ntdll!RtlUserThreadStart [0x7ffded80c3fc+2c]

2026-04-28 19:27:02,666 - ERROR - Error insertando: 'NoneType' object is not subscriptable
2026-04-28 19:27:09,852 - INFO - No hay botón siguiente → fin
2026-04-28 19:27:09,917 - INFO - Reabriendo menú principal 'Tecnología' para la siguiente subcategoría
2026-04-28 19:27:09,968 - INFO - Subcategoría encontrada: 
2026-04-28 19:27:09,991 - INFO - Extrayendo datos de la sección 'Tecnología' y subcategoría ''
2026-04-28 19:27:09,998 - INFO - Grilla de productos encontrada
2026-04-28 19:27:11,421 - INFO - Scrapeando página 1
2026-04-28 19:27:31,984 - ERROR - Error insertando: 'NoneType' object is not subscriptable
2026-04-28 19:27:39,155 - INFO - No hay botón siguiente → fin
2026-04-28 19:27:39,208 - INFO - Reabriendo menú principal 'Tecnología' para la siguiente subcategoría
2026-04-28 19:27:39,239 - INFO - Subcategoría encontrada: 
2026-04-28 19:27:39,255 - INFO - Extrayendo datos de la sección 'Tecnología' y subcategoría ''
2026-04-28 19:27:39,261 - INFO - Grilla de productos encontrada
2026-04-28 19:27:41,091 - INFO - Scrapeando página 1
2026-04-28 19:28:01,604 - ERROR - Error insertando: 'NoneType' object is not subscriptable
2026-04-28 19:28:08,769 - INFO - No hay botón siguiente → fin
2026-04-28 19:28:08,823 - INFO - Reabriendo menú principal 'Tecnología' para la siguiente subcategoría
2026-04-28 19:28:08,854 - INFO - Subcategoría encontrada: 
2026-04-28 19:28:08,872 - INFO - Extrayendo datos de la sección 'Tecnología' y subcategoría ''
2026-04-28 19:28:08,877 - INFO - Grilla de productos encontrada
2026-04-28 19:28:11,204 - INFO - Scrapeando página 1
2026-04-28 19:28:31,812 - ERROR - Error insertando: 'NoneType' object is not subscriptable
2026-04-28 19:28:38,996 - INFO - No hay botón siguiente → fin
2026-04-28 19:28:39,051 - INFO - Reabriendo menú principal 'Tecnología' para la siguiente subcategoría
2026-04-28 19:28:39,081 - INFO - Subcategoría encontrada: 
2026-04-28 19:28:39,110 - INFO - Extrayendo datos de la sección 'Tecnología' y subcategoría ''
2026-04-28 19:28:39,116 - INFO - Grilla de productos encontrada
2026-04-28 19:28:41,990 - INFO - Scrapeando página 1
2026-04-28 19:29:02,504 - ERROR - Error insertando: 'NoneType' object is not subscriptable
2026-04-28 19:29:09,675 - INFO - No hay botón siguiente → fin
2026-04-28 19:29:09,726 - INFO - Reabriendo menú principal 'Tecnología' para la siguiente subcategoría
2026-04-28 19:29:09,756 - INFO - Subcategoría encontrada: All-In-Ones
2026-04-28 19:29:09,779 - INFO - Extrayendo datos de la sección 'Tecnología' y subcategoría 'All-In-Ones'
2026-04-28 19:29:09,784 - INFO - Grilla de productos encontrada
2026-04-28 19:29:11,120 - INFO - Scrapeando página 1
2026-04-28 19:29:31,678 - INFO - 20 productos insertados correctamente
2026-04-28 19:29:31,748 - INFO - Botón siguiente clickeado
2026-04-28 19:29:34,749 - INFO - Scrapeando página 2
2026-04-28 19:29:47,049 - INFO - 12 productos insertados correctamente
2026-04-28 19:29:54,211 - INFO - No hay botón siguiente → fin
2026-04-28 19:29:54,255 - INFO - Reabriendo menú principal 'Tecnología' para la siguiente subcategoría
2026-04-28 19:29:54,285 - INFO - Procesando sección: Hardware
2026-04-28 19:29:54,297 - INFO - Botón 'Hardware' clickeado
2026-04-28 19:29:55,307 - INFO - Cantidad de subcategorías encontradas: 10
2026-04-28 19:29:55,323 - INFO - Subcategoría encontrada: Tarjetas De Video
2026-04-28 19:29:55,339 - INFO - Extrayendo datos de la sección 'Hardware' y subcategoría 'Tarjetas De Video'
2026-04-28 19:29:55,344 - INFO - Grilla de productos encontrada
2026-04-28 19:29:56,674 - INFO - Scrapeando página 1
2026-04-28 19:30:17,236 - INFO - 20 productos insertados correctamente
2026-04-28 19:30:17,302 - INFO - Botón siguiente clickeado
2026-04-28 19:30:20,303 - INFO - Scrapeando página 2
2026-04-28 19:31:40,986 - INFO - 79 productos insertados correctamente
2026-04-28 19:31:48,156 - INFO - No hay botón siguiente → fin
2026-04-28 19:31:48,212 - INFO - Reabriendo menú principal 'Hardware' para la siguiente subcategoría
2026-04-28 19:31:48,245 - INFO - Subcategoría encontrada: 
2026-04-28 19:31:48,269 - INFO - Extrayendo datos de la sección 'Hardware' y subcategoría ''
2026-04-28 19:31:48,278 - INFO - Grilla de productos encontrada
2026-04-28 19:31:50,622 - INFO - Scrapeando página 1
2026-04-28 19:32:11,162 - ERROR - Error insertando: 'NoneType' object is not subscriptable
2026-04-28 19:32:18,338 - INFO - No hay botón siguiente → fin
2026-04-28 19:32:18,393 - INFO - Reabriendo menú principal 'Hardware' para la siguiente subcategoría
2026-04-28 19:32:18,421 - INFO - Subcategoría encontrada: 
2026-04-28 19:32:18,434 - INFO - Extrayendo datos de la sección 'Hardware' y subcategoría ''
2026-04-28 19:32:18,443 - INFO - Grilla de productos encontrada
2026-04-28 19:32:20,780 - INFO - Scrapeando página 1
2026-04-28 19:32:41,354 - ERROR - Error insertando: 'NoneType' object is not subscriptable
2026-04-28 19:32:41,415 - INFO - Botón siguiente clickeado
2026-04-28 19:32:44,415 - INFO - Scrapeando página 2
2026-04-28 19:34:39,758 - ERROR - Error insertando: 'NoneType' object is not subscriptable
2026-04-28 19:34:46,932 - INFO - No hay botón siguiente → fin
2026-04-28 19:34:46,989 - INFO - Reabriendo menú principal 'Hardware' para la siguiente subcategoría
2026-04-28 19:34:47,026 - INFO - Subcategoría encontrada: 
2026-04-28 19:34:47,044 - INFO - Extrayendo datos de la sección 'Hardware' y subcategoría ''
2026-04-28 19:34:47,049 - INFO - Grilla de productos encontrada
2026-04-28 19:34:49,437 - INFO - Scrapeando página 1
2026-04-28 19:35:09,984 - ERROR - Error insertando: 'NoneType' object is not subscriptable
2026-04-28 19:35:10,046 - INFO - Botón siguiente clickeado
2026-04-28 19:35:13,048 - INFO - Scrapeando página 2
2026-04-28 19:38:37,406 - ERROR - Error insertando: 'NoneType' object is not subscriptable
2026-04-28 19:38:37,486 - INFO - Botón siguiente clickeado
2026-04-28 19:38:40,487 - INFO - Scrapeando página 3
2026-04-28 19:39:47,942 - ERROR - Error insertando: 'NoneType' object is not subscriptable
2026-04-28 19:39:55,117 - INFO - No hay botón siguiente → fin
2026-04-28 19:39:55,172 - INFO - Reabriendo menú principal 'Hardware' para la siguiente subcategoría
2026-04-28 19:39:55,206 - INFO - Subcategoría encontrada: 
2026-04-28 19:39:55,220 - INFO - Extrayendo datos de la sección 'Hardware' y subcategoría ''
2026-04-28 19:39:55,225 - INFO - Grilla de productos encontrada
2026-04-28 19:39:58,594 - INFO - Scrapeando página 1
2026-04-28 19:40:19,124 - ERROR - Error insertando: 'NoneType' object is not subscriptable
2026-04-28 19:40:26,306 - INFO - No hay botón siguiente → fin
2026-04-28 19:40:26,362 - INFO - Reabriendo menú principal 'Hardware' para la siguiente subcategoría
2026-04-28 19:40:26,393 - INFO - Subcategoría encontrada: 
2026-04-28 19:40:26,407 - INFO - Extrayendo datos de la sección 'Hardware' y subcategoría ''
2026-04-28 19:40:26,416 - INFO - Grilla de productos encontrada
2026-04-28 19:40:27,743 - INFO - Scrapeando página 1
2026-04-28 19:40:48,286 - ERROR - Error insertando: 'NoneType' object is not subscriptable
2026-04-28 19:40:48,358 - INFO - Botón siguiente clickeado
2026-04-28 19:40:51,359 - INFO - Scrapeando página 2
2026-04-28 19:41:14,870 - ERROR - Error insertando: 'NoneType' object is not subscriptable
2026-04-28 19:41:22,039 - INFO - No hay botón siguiente → fin
2026-04-28 19:41:22,087 - INFO - Reabriendo menú principal 'Hardware' para la siguiente subcategoría
2026-04-28 19:41:22,115 - INFO - Subcategoría encontrada: 
2026-04-28 19:41:22,129 - INFO - Extrayendo datos de la sección 'Hardware' y subcategoría ''
2026-04-28 19:41:22,134 - INFO - Grilla de productos encontrada
2026-04-28 19:41:26,989 - INFO - Scrapeando página 1
2026-04-28 19:41:47,740 - ERROR - Error insertando: 'NoneType' object is not subscriptable
2026-04-28 19:41:47,799 - INFO - Botón siguiente clickeado
2026-04-28 19:41:50,801 - INFO - Scrapeando página 2
2026-04-28 19:45:15,212 - ERROR - Error insertando: 'NoneType' object is not subscriptable
2026-04-28 19:45:15,281 - INFO - Botón siguiente clickeado
2026-04-28 19:45:18,282 - INFO - Scrapeando página 3
2026-04-28 19:48:42,578 - ERROR - Error insertando: 'NoneType' object is not subscriptable
2026-04-28 19:48:42,635 - INFO - Botón siguiente clickeado
2026-04-28 19:48:45,636 - INFO - Scrapeando página 4
2026-04-28 19:48:49,785 - ERROR - Error insertando: 'NoneType' object is not subscriptable
2026-04-28 19:48:56,951 - INFO - No hay botón siguiente → fin
2026-04-28 19:48:56,999 - INFO - Reabriendo menú principal 'Hardware' para la siguiente subcategoría
2026-04-28 19:48:57,032 - INFO - Subcategoría encontrada: Fuentes De Poder
2026-04-28 19:48:57,049 - INFO - Extrayendo datos de la sección 'Hardware' y subcategoría 'Fuentes De Poder'
2026-04-28 19:48:57,053 - INFO - Grilla de productos encontrada
2026-04-28 19:48:59,435 - INFO - Scrapeando página 1
2026-04-28 19:49:19,995 - INFO - 20 productos insertados correctamente
2026-04-28 19:49:20,052 - INFO - Botón siguiente clickeado
2026-04-28 19:49:23,054 - INFO - Scrapeando página 2
2026-04-28 19:51:27,602 - INFO - 122 productos insertados correctamente
2026-04-28 19:51:34,783 - INFO - No hay botón siguiente → fin
2026-04-28 19:51:34,840 - INFO - Reabriendo menú principal 'Hardware' para la siguiente subcategoría
2026-04-28 19:51:34,875 - INFO - Subcategoría encontrada: Cooler CPU
2026-04-28 19:51:34,890 - INFO - Extrayendo datos de la sección 'Hardware' y subcategoría 'Cooler CPU'
2026-04-28 19:51:34,899 - INFO - Grilla de productos encontrada
2026-04-28 19:51:37,249 - INFO - Scrapeando página 1
2026-04-28 19:51:57,901 - INFO - 20 productos insertados correctamente
2026-04-28 19:51:57,961 - INFO - Botón siguiente clickeado
2026-04-28 19:52:00,961 - INFO - Scrapeando página 2
2026-04-28 19:55:25,294 - INFO - 200 productos insertados correctamente
2026-04-28 19:55:25,351 - INFO - Botón siguiente clickeado
2026-04-28 19:55:28,353 - INFO - Scrapeando página 3
2026-04-28 19:56:20,433 - INFO - 51 productos insertados correctamente
2026-04-28 19:56:27,602 - INFO - No hay botón siguiente → fin
2026-04-28 19:56:27,668 - INFO - Reabriendo menú principal 'Hardware' para la siguiente subcategoría
2026-04-28 19:56:27,699 - INFO - Subcategoría encontrada: 
2026-04-28 19:56:27,716 - INFO - Extrayendo datos de la sección 'Hardware' y subcategoría ''
2026-04-28 19:56:27,720 - INFO - Grilla de productos encontrada
2026-04-28 19:56:30,080 - INFO - Scrapeando página 1
2026-04-28 19:56:50,873 - ERROR - Error insertando: 'NoneType' object is not subscriptable
2026-04-28 19:56:50,934 - INFO - Botón siguiente clickeado
2026-04-28 19:56:53,935 - INFO - Scrapeando página 2
2026-04-28 19:58:13,538 - ERROR - Error insertando: 'NoneType' object is not subscriptable
2026-04-28 19:58:20,715 - INFO - No hay botón siguiente → fin
2026-04-28 19:58:20,771 - INFO - Reabriendo menú principal 'Hardware' para la siguiente subcategoría
2026-04-28 19:58:20,807 - INFO - Procesando sección: Periféricos
2026-04-28 19:58:20,823 - INFO - Botón 'Periféricos' clickeado
2026-04-28 19:58:21,835 - INFO - Cantidad de subcategorías encontradas: 11
2026-04-28 19:58:21,853 - INFO - Subcategoría encontrada: Mouse
2026-04-28 19:58:21,872 - INFO - Extrayendo datos de la sección 'Periféricos' y subcategoría 'Mouse'
2026-04-28 19:58:21,877 - INFO - Grilla de productos encontrada
2026-04-28 19:58:25,226 - INFO - Scrapeando página 1
2026-04-28 19:58:45,810 - INFO - 20 productos insertados correctamente
2026-04-28 19:58:45,867 - INFO - Botón siguiente clickeado
2026-04-28 19:58:48,868 - INFO - Scrapeando página 2
2026-04-28 20:02:13,185 - INFO - 200 productos insertados correctamente
2026-04-28 20:02:13,252 - INFO - Botón siguiente clickeado
2026-04-28 20:02:16,252 - INFO - Scrapeando página 3
2026-04-28 20:05:40,604 - INFO - 200 productos insertados correctamente
2026-04-28 20:05:40,667 - INFO - Botón siguiente clickeado
2026-04-28 20:05:43,668 - INFO - Scrapeando página 4
2026-04-28 20:08:17,671 - WARNING - Error producto: Message: stale element reference: stale element not found in the current frame
  (Session info: chrome=147.0.7727.137); For documentation on this error, please visit: https://www.selenium.dev/documentation/webdriver/troubleshooting/errors#staleelementreferenceexception
Stacktrace:
	chromedriver!GetHandleVerifier [0x7ff71d9ea8e5+14e45]
	chromedriver!GetHandleVerifier [0x7ff71d9ea950+14eb0]
	chromedriver!(No symbol) [0x7ff71d75d6ed]
	chromedriver!(No symbol) [0x7ff71d765671]
	chromedriver!(No symbol) [0x7ff71d768795]
	chromedriver!(No symbol) [0x7ff71d76885f]
	chromedriver!(No symbol) [0x7ff71d7b647e]
	chromedriver!(No symbol) [0x7ff71d7b700c]
	chromedriver!(No symbol) [0x7ff71d7ab0ac]
	chromedriver!(No symbol) [0x7ff71d7aaa46]
	chromedriver!(No symbol) [0x7ff71d80483b]
	chromedriver!(No symbol) [0x7ff71d7a90e8]
	chromedriver!(No symbol) [0x7ff71d7a9fc3]
	chromedriver!GetHandleVerifier [0x7ff71dd00149+32a6a9]
	chromedriver!GetHandleVerifier [0x7ff71dcfa715+324c75]
	chromedriver!GetHandleVerifier [0x7ff71dd1c012+346572]
	chromedriver!GetHandleVerifier [0x7ff71da07cb5+32215]
	chromedriver!GetHandleVerifier [0x7ff71da1087c+3addc]
	chromedriver!GetHandleVerifier [0x7ff71d9f40e4+1e644]
	chromedriver!GetHandleVerifier [0x7ff71d9f4296+1e7f6]
	chromedriver!GetHandleVerifier [0x7ff71d9d8737+2c97]
	KERNEL32!BaseThreadInitThunk [0x7ffded25e8d7+17]
	ntdll!RtlUserThreadStart [0x7ffded80c3fc+2c]

2026-04-28 20:08:17,675 - WARNING - Error producto: Message: stale element reference: stale element not found in the current frame
  (Session info: chrome=147.0.7727.137); For documentation on this error, please visit: https://www.selenium.dev/documentation/webdriver/troubleshooting/errors#staleelementreferenceexception
Stacktrace:
	chromedriver!GetHandleVerifier [0x7ff71d9ea8e5+14e45]
	chromedriver!GetHandleVerifier [0x7ff71d9ea950+14eb0]
	chromedriver!(No symbol) [0x7ff71d75d6ed]
	chromedriver!(No symbol) [0x7ff71d765671]
	chromedriver!(No symbol) [0x7ff71d768795]
	chromedriver!(No symbol) [0x7ff71d76885f]
	chromedriver!(No symbol) [0x7ff71d7b647e]
	chromedriver!(No symbol) [0x7ff71d7b700c]
	chromedriver!(No symbol) [0x7ff71d7ab0ac]
	chromedriver!(No symbol) [0x7ff71d7aaa46]
	chromedriver!(No symbol) [0x7ff71d80483b]
	chromedriver!(No symbol) [0x7ff71d7a90e8]
	chromedriver!(No symbol) [0x7ff71d7a9fc3]
	chromedriver!GetHandleVerifier [0x7ff71dd00149+32a6a9]
	chromedriver!GetHandleVerifier [0x7ff71dcfa715+324c75]
	chromedriver!GetHandleVerifier [0x7ff71dd1c012+346572]
	chromedriver!GetHandleVerifier [0x7ff71da07cb5+32215]
	chromedriver!GetHandleVerifier [0x7ff71da1087c+3addc]
	chromedriver!GetHandleVerifier [0x7ff71d9f40e4+1e644]
	chromedriver!GetHandleVerifier [0x7ff71d9f4296+1e7f6]
	chromedriver!GetHandleVerifier [0x7ff71d9d8737+2c97]
	KERNEL32!BaseThreadInitThunk [0x7ffded25e8d7+17]
	ntdll!RtlUserThreadStart [0x7ffded80c3fc+2c]

2026-04-28 20:08:17,678 - WARNING - Error producto: Message: stale element reference: stale element not found in the current frame
  (Session info: chrome=147.0.7727.137); For documentation on this error, please visit: https://www.selenium.dev/documentation/webdriver/troubleshooting/errors#staleelementreferenceexception
Stacktrace:
	chromedriver!GetHandleVerifier [0x7ff71d9ea8e5+14e45]
	chromedriver!GetHandleVerifier [0x7ff71d9ea950+14eb0]
	chromedriver!(No symbol) [0x7ff71d75d6ed]
	chromedriver!(No symbol) [0x7ff71d765671]
	chromedriver!(No symbol) [0x7ff71d768795]
	chromedriver!(No symbol) [0x7ff71d76885f]
	chromedriver!(No symbol) [0x7ff71d7b647e]
	chromedriver!(No symbol) [0x7ff71d7b700c]
	chromedriver!(No symbol) [0x7ff71d7ab0ac]
	chromedriver!(No symbol) [0x7ff71d7aaa46]
	chromedriver!(No symbol) [0x7ff71d80483b]
	chromedriver!(No symbol) [0x7ff71d7a90e8]
	chromedriver!(No symbol) [0x7ff71d7a9fc3]
	chromedriver!GetHandleVerifier [0x7ff71dd00149+32a6a9]
	chromedriver!GetHandleVerifier [0x7ff71dcfa715+324c75]
	chromedriver!GetHandleVerifier [0x7ff71dd1c012+346572]
	chromedriver!GetHandleVerifier [0x7ff71da07cb5+32215]
	chromedriver!GetHandleVerifier [0x7ff71da1087c+3addc]
	chromedriver!GetHandleVerifier [0x7ff71d9f40e4+1e644]
	chromedriver!GetHandleVerifier [0x7ff71d9f4296+1e7f6]
	chromedriver!GetHandleVerifier [0x7ff71d9d8737+2c97]
	KERNEL32!BaseThreadInitThunk [0x7ffded25e8d7+17]
	ntdll!RtlUserThreadStart [0x7ffded80c3fc+2c]

2026-04-28 20:08:17,683 - WARNING - Error producto: Message: stale element reference: stale element not found in the current frame
  (Session info: chrome=147.0.7727.137); For documentation on this error, please visit: https://www.selenium.dev/documentation/webdriver/troubleshooting/errors#staleelementreferenceexception
Stacktrace:
	chromedriver!GetHandleVerifier [0x7ff71d9ea8e5+14e45]
	chromedriver!GetHandleVerifier [0x7ff71d9ea950+14eb0]
	chromedriver!(No symbol) [0x7ff71d75d6ed]
	chromedriver!(No symbol) [0x7ff71d765671]
	chromedriver!(No symbol) [0x7ff71d768795]
	chromedriver!(No symbol) [0x7ff71d76885f]
	chromedriver!(No symbol) [0x7ff71d7b647e]
	chromedriver!(No symbol) [0x7ff71d7b700c]
	chromedriver!(No symbol) [0x7ff71d7ab0ac]
	chromedriver!(No symbol) [0x7ff71d7aaa46]
	chromedriver!(No symbol) [0x7ff71d80483b]
	chromedriver!(No symbol) [0x7ff71d7a90e8]
	chromedriver!(No symbol) [0x7ff71d7a9fc3]
	chromedriver!GetHandleVerifier [0x7ff71dd00149+32a6a9]
	chromedriver!GetHandleVerifier [0x7ff71dcfa715+324c75]
	chromedriver!GetHandleVerifier [0x7ff71dd1c012+346572]
	chromedriver!GetHandleVerifier [0x7ff71da07cb5+32215]
	chromedriver!GetHandleVerifier [0x7ff71da1087c+3addc]
	chromedriver!GetHandleVerifier [0x7ff71d9f40e4+1e644]
	chromedriver!GetHandleVerifier [0x7ff71d9f4296+1e7f6]
	chromedriver!GetHandleVerifier [0x7ff71d9d8737+2c97]
	KERNEL32!BaseThreadInitThunk [0x7ffded25e8d7+17]
	ntdll!RtlUserThreadStart [0x7ffded80c3fc+2c]

2026-04-28 20:08:17,688 - WARNING - Error producto: Message: stale element reference: stale element not found in the current frame
  (Session info: chrome=147.0.7727.137); For documentation on this error, please visit: https://www.selenium.dev/documentation/webdriver/troubleshooting/errors#staleelementreferenceexception
Stacktrace:
	chromedriver!GetHandleVerifier [0x7ff71d9ea8e5+14e45]
	chromedriver!GetHandleVerifier [0x7ff71d9ea950+14eb0]
	chromedriver!(No symbol) [0x7ff71d75d6ed]
	chromedriver!(No symbol) [0x7ff71d765671]
	chromedriver!(No symbol) [0x7ff71d768795]
	chromedriver!(No symbol) [0x7ff71d76885f]
	chromedriver!(No symbol) [0x7ff71d7b647e]
	chromedriver!(No symbol) [0x7ff71d7b700c]
	chromedriver!(No symbol) [0x7ff71d7ab0ac]
	chromedriver!(No symbol) [0x7ff71d7aaa46]
	chromedriver!(No symbol) [0x7ff71d80483b]
	chromedriver!(No symbol) [0x7ff71d7a90e8]
	chromedriver!(No symbol) [0x7ff71d7a9fc3]
	chromedriver!GetHandleVerifier [0x7ff71dd00149+32a6a9]
	chromedriver!GetHandleVerifier [0x7ff71dcfa715+324c75]
	chromedriver!GetHandleVerifier [0x7ff71dd1c012+346572]
	chromedriver!GetHandleVerifier [0x7ff71da07cb5+32215]
	chromedriver!GetHandleVerifier [0x7ff71da1087c+3addc]
	chromedriver!GetHandleVerifier [0x7ff71d9f40e4+1e644]
	chromedriver!GetHandleVerifier [0x7ff71d9f4296+1e7f6]
	chromedriver!GetHandleVerifier [0x7ff71d9d8737+2c97]
	KERNEL32!BaseThreadInitThunk [0x7ffded25e8d7+17]
	ntdll!RtlUserThreadStart [0x7ffded80c3fc+2c]

2026-04-28 20:08:17,692 - WARNING - Error producto: Message: stale element reference: stale element not found in the current frame
  (Session info: chrome=147.0.7727.137); For documentation on this error, please visit: https://www.selenium.dev/documentation/webdriver/troubleshooting/errors#staleelementreferenceexception
Stacktrace:
	chromedriver!GetHandleVerifier [0x7ff71d9ea8e5+14e45]
	chromedriver!GetHandleVerifier [0x7ff71d9ea950+14eb0]
	chromedriver!(No symbol) [0x7ff71d75d6ed]
	chromedriver!(No symbol) [0x7ff71d765671]
	chromedriver!(No symbol) [0x7ff71d768795]
	chromedriver!(No symbol) [0x7ff71d76885f]
	chromedriver!(No symbol) [0x7ff71d7b647e]
	chromedriver!(No symbol) [0x7ff71d7b700c]
	chromedriver!(No symbol) [0x7ff71d7ab0ac]
	chromedriver!(No symbol) [0x7ff71d7aaa46]
	chromedriver!(No symbol) [0x7ff71d80483b]
	chromedriver!(No symbol) [0x7ff71d7a90e8]
	chromedriver!(No symbol) [0x7ff71d7a9fc3]
	chromedriver!GetHandleVerifier [0x7ff71dd00149+32a6a9]
	chromedriver!GetHandleVerifier [0x7ff71dcfa715+324c75]
	chromedriver!GetHandleVerifier [0x7ff71dd1c012+346572]
	chromedriver!GetHandleVerifier [0x7ff71da07cb5+32215]
	chromedriver!GetHandleVerifier [0x7ff71da1087c+3addc]
	chromedriver!GetHandleVerifier [0x7ff71d9f40e4+1e644]
	chromedriver!GetHandleVerifier [0x7ff71d9f4296+1e7f6]
	chromedriver!GetHandleVerifier [0x7ff71d9d8737+2c97]
	KERNEL32!BaseThreadInitThunk [0x7ffded25e8d7+17]
	ntdll!RtlUserThreadStart [0x7ffded80c3fc+2c]

2026-04-28 20:08:17,695 - WARNING - Error producto: Message: stale element reference: stale element not found in the current frame
  (Session info: chrome=147.0.7727.137); For documentation on this error, please visit: https://www.selenium.dev/documentation/webdriver/troubleshooting/errors#staleelementreferenceexception
Stacktrace:
	chromedriver!GetHandleVerifier [0x7ff71d9ea8e5+14e45]
	chromedriver!GetHandleVerifier [0x7ff71d9ea950+14eb0]
	chromedriver!(No symbol) [0x7ff71d75d6ed]
	chromedriver!(No symbol) [0x7ff71d765671]
	chromedriver!(No symbol) [0x7ff71d768795]
	chromedriver!(No symbol) [0x7ff71d76885f]
	chromedriver!(No symbol) [0x7ff71d7b647e]
	chromedriver!(No symbol) [0x7ff71d7b700c]
	chromedriver!(No symbol) [0x7ff71d7ab0ac]
	chromedriver!(No symbol) [0x7ff71d7aaa46]
	chromedriver!(No symbol) [0x7ff71d80483b]
	chromedriver!(No symbol) [0x7ff71d7a90e8]
	chromedriver!(No symbol) [0x7ff71d7a9fc3]
	chromedriver!GetHandleVerifier [0x7ff71dd00149+32a6a9]
	chromedriver!GetHandleVerifier [0x7ff71dcfa715+324c75]
	chromedriver!GetHandleVerifier [0x7ff71dd1c012+346572]
	chromedriver!GetHandleVerifier [0x7ff71da07cb5+32215]
	chromedriver!GetHandleVerifier [0x7ff71da1087c+3addc]
	chromedriver!GetHandleVerifier [0x7ff71d9f40e4+1e644]
	chromedriver!GetHandleVerifier [0x7ff71d9f4296+1e7f6]
	chromedriver!GetHandleVerifier [0x7ff71d9d8737+2c97]
	KERNEL32!BaseThreadInitThunk [0x7ffded25e8d7+17]
	ntdll!RtlUserThreadStart [0x7ffded80c3fc+2c]

2026-04-28 20:08:17,699 - WARNING - Error producto: Message: stale element reference: stale element not found in the current frame
  (Session info: chrome=147.0.7727.137); For documentation on this error, please visit: https://www.selenium.dev/documentation/webdriver/troubleshooting/errors#staleelementreferenceexception
Stacktrace:
	chromedriver!GetHandleVerifier [0x7ff71d9ea8e5+14e45]
	chromedriver!GetHandleVerifier [0x7ff71d9ea950+14eb0]
	chromedriver!(No symbol) [0x7ff71d75d6ed]
	chromedriver!(No symbol) [0x7ff71d765671]
	chromedriver!(No symbol) [0x7ff71d768795]
	chromedriver!(No symbol) [0x7ff71d76885f]
	chromedriver!(No symbol) [0x7ff71d7b647e]
	chromedriver!(No symbol) [0x7ff71d7b700c]
	chromedriver!(No symbol) [0x7ff71d7ab0ac]
	chromedriver!(No symbol) [0x7ff71d7aaa46]
	chromedriver!(No symbol) [0x7ff71d80483b]
	chromedriver!(No symbol) [0x7ff71d7a90e8]
	chromedriver!(No symbol) [0x7ff71d7a9fc3]
	chromedriver!GetHandleVerifier [0x7ff71dd00149+32a6a9]
	chromedriver!GetHandleVerifier [0x7ff71dcfa715+324c75]
	chromedriver!GetHandleVerifier [0x7ff71dd1c012+346572]
	chromedriver!GetHandleVerifier [0x7ff71da07cb5+32215]
	chromedriver!GetHandleVerifier [0x7ff71da1087c+3addc]
	chromedriver!GetHandleVerifier [0x7ff71d9f40e4+1e644]
	chromedriver!GetHandleVerifier [0x7ff71d9f4296+1e7f6]
	chromedriver!GetHandleVerifier [0x7ff71d9d8737+2c97]
	KERNEL32!BaseThreadInitThunk [0x7ffded25e8d7+17]
	ntdll!RtlUserThreadStart [0x7ffded80c3fc+2c]

2026-04-28 20:08:17,703 - WARNING - Error producto: Message: stale element reference: stale element not found in the current frame
  (Session info: chrome=147.0.7727.137); For documentation on this error, please visit: https://www.selenium.dev/documentation/webdriver/troubleshooting/errors#staleelementreferenceexception
Stacktrace:
	chromedriver!GetHandleVerifier [0x7ff71d9ea8e5+14e45]
	chromedriver!GetHandleVerifier [0x7ff71d9ea950+14eb0]
	chromedriver!(No symbol) [0x7ff71d75d6ed]
	chromedriver!(No symbol) [0x7ff71d765671]
	chromedriver!(No symbol) [0x7ff71d768795]
	chromedriver!(No symbol) [0x7ff71d76885f]
	chromedriver!(No symbol) [0x7ff71d7b647e]
	chromedriver!(No symbol) [0x7ff71d7b700c]
	chromedriver!(No symbol) [0x7ff71d7ab0ac]
	chromedriver!(No symbol) [0x7ff71d7aaa46]
	chromedriver!(No symbol) [0x7ff71d80483b]
	chromedriver!(No symbol) [0x7ff71d7a90e8]
	chromedriver!(No symbol) [0x7ff71d7a9fc3]
	chromedriver!GetHandleVerifier [0x7ff71dd00149+32a6a9]
	chromedriver!GetHandleVerifier [0x7ff71dcfa715+324c75]
	chromedriver!GetHandleVerifier [0x7ff71dd1c012+346572]
	chromedriver!GetHandleVerifier [0x7ff71da07cb5+32215]
	chromedriver!GetHandleVerifier [0x7ff71da1087c+3addc]
	chromedriver!GetHandleVerifier [0x7ff71d9f40e4+1e644]
	chromedriver!GetHandleVerifier [0x7ff71d9f4296+1e7f6]
	chromedriver!GetHandleVerifier [0x7ff71d9d8737+2c97]
	KERNEL32!BaseThreadInitThunk [0x7ffded25e8d7+17]
	ntdll!RtlUserThreadStart [0x7ffded80c3fc+2c]

2026-04-28 20:08:17,707 - WARNING - Error producto: Message: stale element reference: stale element not found in the current frame
  (Session info: chrome=147.0.7727.137); For documentation on this error, please visit: https://www.selenium.dev/documentation/webdriver/troubleshooting/errors#staleelementreferenceexception
Stacktrace:
	chromedriver!GetHandleVerifier [0x7ff71d9ea8e5+14e45]
	chromedriver!GetHandleVerifier [0x7ff71d9ea950+14eb0]
	chromedriver!(No symbol) [0x7ff71d75d6ed]
	chromedriver!(No symbol) [0x7ff71d765671]
	chromedriver!(No symbol) [0x7ff71d768795]
	chromedriver!(No symbol) [0x7ff71d76885f]
	chromedriver!(No symbol) [0x7ff71d7b647e]
	chromedriver!(No symbol) [0x7ff71d7b700c]
	chromedriver!(No symbol) [0x7ff71d7ab0ac]
	chromedriver!(No symbol) [0x7ff71d7aaa46]
	chromedriver!(No symbol) [0x7ff71d80483b]
	chromedriver!(No symbol) [0x7ff71d7a90e8]
	chromedriver!(No symbol) [0x7ff71d7a9fc3]
	chromedriver!GetHandleVerifier [0x7ff71dd00149+32a6a9]
	chromedriver!GetHandleVerifier [0x7ff71dcfa715+324c75]
	chromedriver!GetHandleVerifier [0x7ff71dd1c012+346572]
	chromedriver!GetHandleVerifier [0x7ff71da07cb5+32215]
	chromedriver!GetHandleVerifier [0x7ff71da1087c+3addc]
	chromedriver!GetHandleVerifier [0x7ff71d9f40e4+1e644]
	chromedriver!GetHandleVerifier [0x7ff71d9f4296+1e7f6]
	chromedriver!GetHandleVerifier [0x7ff71d9d8737+2c97]
	KERNEL32!BaseThreadInitThunk [0x7ffded25e8d7+17]
	ntdll!RtlUserThreadStart [0x7ffded80c3fc+2c]

2026-04-28 20:08:17,711 - WARNING - Error producto: Message: stale element reference: stale element not found in the current frame
  (Session info: chrome=147.0.7727.137); For documentation on this error, please visit: https://www.selenium.dev/documentation/webdriver/troubleshooting/errors#staleelementreferenceexception
Stacktrace:
	chromedriver!GetHandleVerifier [0x7ff71d9ea8e5+14e45]
	chromedriver!GetHandleVerifier [0x7ff71d9ea950+14eb0]
	chromedriver!(No symbol) [0x7ff71d75d6ed]
	chromedriver!(No symbol) [0x7ff71d765671]
	chromedriver!(No symbol) [0x7ff71d768795]
	chromedriver!(No symbol) [0x7ff71d76885f]
	chromedriver!(No symbol) [0x7ff71d7b647e]
	chromedriver!(No symbol) [0x7ff71d7b700c]
	chromedriver!(No symbol) [0x7ff71d7ab0ac]
	chromedriver!(No symbol) [0x7ff71d7aaa46]
	chromedriver!(No symbol) [0x7ff71d80483b]
	chromedriver!(No symbol) [0x7ff71d7a90e8]
	chromedriver!(No symbol) [0x7ff71d7a9fc3]
	chromedriver!GetHandleVerifier [0x7ff71dd00149+32a6a9]
	chromedriver!GetHandleVerifier [0x7ff71dcfa715+324c75]
	chromedriver!GetHandleVerifier [0x7ff71dd1c012+346572]
	chromedriver!GetHandleVerifier [0x7ff71da07cb5+32215]
	chromedriver!GetHandleVerifier [0x7ff71da1087c+3addc]
	chromedriver!GetHandleVerifier [0x7ff71d9f40e4+1e644]
	chromedriver!GetHandleVerifier [0x7ff71d9f4296+1e7f6]
	chromedriver!GetHandleVerifier [0x7ff71d9d8737+2c97]
	KERNEL32!BaseThreadInitThunk [0x7ffded25e8d7+17]
	ntdll!RtlUserThreadStart [0x7ffded80c3fc+2c]

2026-04-28 20:08:17,714 - WARNING - Error producto: Message: stale element reference: stale element not found in the current frame
  (Session info: chrome=147.0.7727.137); For documentation on this error, please visit: https://www.selenium.dev/documentation/webdriver/troubleshooting/errors#staleelementreferenceexception
Stacktrace:
	chromedriver!GetHandleVerifier [0x7ff71d9ea8e5+14e45]
	chromedriver!GetHandleVerifier [0x7ff71d9ea950+14eb0]
	chromedriver!(No symbol) [0x7ff71d75d6ed]
	chromedriver!(No symbol) [0x7ff71d765671]
	chromedriver!(No symbol) [0x7ff71d768795]
	chromedriver!(No symbol) [0x7ff71d76885f]
	chromedriver!(No symbol) [0x7ff71d7b647e]
	chromedriver!(No symbol) [0x7ff71d7b700c]
	chromedriver!(No symbol) [0x7ff71d7ab0ac]
	chromedriver!(No symbol) [0x7ff71d7aaa46]
	chromedriver!(No symbol) [0x7ff71d80483b]
	chromedriver!(No symbol) [0x7ff71d7a90e8]
	chromedriver!(No symbol) [0x7ff71d7a9fc3]
	chromedriver!GetHandleVerifier [0x7ff71dd00149+32a6a9]
	chromedriver!GetHandleVerifier [0x7ff71dcfa715+324c75]
	chromedriver!GetHandleVerifier [0x7ff71dd1c012+346572]
	chromedriver!GetHandleVerifier [0x7ff71da07cb5+32215]
	chromedriver!GetHandleVerifier [0x7ff71da1087c+3addc]
	chromedriver!GetHandleVerifier [0x7ff71d9f40e4+1e644]
	chromedriver!GetHandleVerifier [0x7ff71d9f4296+1e7f6]
	chromedriver!GetHandleVerifier [0x7ff71d9d8737+2c97]
	KERNEL32!BaseThreadInitThunk [0x7ffded25e8d7+17]
	ntdll!RtlUserThreadStart [0x7ffded80c3fc+2c]

2026-04-28 20:08:17,718 - WARNING - Error producto: Message: stale element reference: stale element not found in the current frame
  (Session info: chrome=147.0.7727.137); For documentation on this error, please visit: https://www.selenium.dev/documentation/webdriver/troubleshooting/errors#staleelementreferenceexception
Stacktrace:
	chromedriver!GetHandleVerifier [0x7ff71d9ea8e5+14e45]
	chromedriver!GetHandleVerifier [0x7ff71d9ea950+14eb0]
	chromedriver!(No symbol) [0x7ff71d75d6ed]
	chromedriver!(No symbol) [0x7ff71d765671]
	chromedriver!(No symbol) [0x7ff71d768795]
	chromedriver!(No symbol) [0x7ff71d76885f]
	chromedriver!(No symbol) [0x7ff71d7b647e]
	chromedriver!(No symbol) [0x7ff71d7b700c]
	chromedriver!(No symbol) [0x7ff71d7ab0ac]
	chromedriver!(No symbol) [0x7ff71d7aaa46]
	chromedriver!(No symbol) [0x7ff71d80483b]
	chromedriver!(No symbol) [0x7ff71d7a90e8]
	chromedriver!(No symbol) [0x7ff71d7a9fc3]
	chromedriver!GetHandleVerifier [0x7ff71dd00149+32a6a9]
	chromedriver!GetHandleVerifier [0x7ff71dcfa715+324c75]
	chromedriver!GetHandleVerifier [0x7ff71dd1c012+346572]
	chromedriver!GetHandleVerifier [0x7ff71da07cb5+32215]
	chromedriver!GetHandleVerifier [0x7ff71da1087c+3addc]
	chromedriver!GetHandleVerifier [0x7ff71d9f40e4+1e644]
	chromedriver!GetHandleVerifier [0x7ff71d9f4296+1e7f6]
	chromedriver!GetHandleVerifier [0x7ff71d9d8737+2c97]
	KERNEL32!BaseThreadInitThunk [0x7ffded25e8d7+17]
	ntdll!RtlUserThreadStart [0x7ffded80c3fc+2c]

2026-04-28 20:08:17,722 - WARNING - Error producto: Message: stale element reference: stale element not found in the current frame
  (Session info: chrome=147.0.7727.137); For documentation on this error, please visit: https://www.selenium.dev/documentation/webdriver/troubleshooting/errors#staleelementreferenceexception
Stacktrace:
	chromedriver!GetHandleVerifier [0x7ff71d9ea8e5+14e45]
	chromedriver!GetHandleVerifier [0x7ff71d9ea950+14eb0]
	chromedriver!(No symbol) [0x7ff71d75d6ed]
	chromedriver!(No symbol) [0x7ff71d765671]
	chromedriver!(No symbol) [0x7ff71d768795]
	chromedriver!(No symbol) [0x7ff71d76885f]
	chromedriver!(No symbol) [0x7ff71d7b647e]
	chromedriver!(No symbol) [0x7ff71d7b700c]
	chromedriver!(No symbol) [0x7ff71d7ab0ac]
	chromedriver!(No symbol) [0x7ff71d7aaa46]
	chromedriver!(No symbol) [0x7ff71d80483b]
	chromedriver!(No symbol) [0x7ff71d7a90e8]
	chromedriver!(No symbol) [0x7ff71d7a9fc3]
	chromedriver!GetHandleVerifier [0x7ff71dd00149+32a6a9]
	chromedriver!GetHandleVerifier [0x7ff71dcfa715+324c75]
	chromedriver!GetHandleVerifier [0x7ff71dd1c012+346572]
	chromedriver!GetHandleVerifier [0x7ff71da07cb5+32215]
	chromedriver!GetHandleVerifier [0x7ff71da1087c+3addc]
	chromedriver!GetHandleVerifier [0x7ff71d9f40e4+1e644]
	chromedriver!GetHandleVerifier [0x7ff71d9f4296+1e7f6]
	chromedriver!GetHandleVerifier [0x7ff71d9d8737+2c97]
	KERNEL32!BaseThreadInitThunk [0x7ffded25e8d7+17]
	ntdll!RtlUserThreadStart [0x7ffded80c3fc+2c]

2026-04-28 20:08:17,726 - WARNING - Error producto: Message: stale element reference: stale element not found in the current frame
  (Session info: chrome=147.0.7727.137); For documentation on this error, please visit: https://www.selenium.dev/documentation/webdriver/troubleshooting/errors#staleelementreferenceexception
Stacktrace:
	chromedriver!GetHandleVerifier [0x7ff71d9ea8e5+14e45]
	chromedriver!GetHandleVerifier [0x7ff71d9ea950+14eb0]
	chromedriver!(No symbol) [0x7ff71d75d6ed]
	chromedriver!(No symbol) [0x7ff71d765671]
	chromedriver!(No symbol) [0x7ff71d768795]
	chromedriver!(No symbol) [0x7ff71d76885f]
	chromedriver!(No symbol) [0x7ff71d7b647e]
	chromedriver!(No symbol) [0x7ff71d7b700c]
	chromedriver!(No symbol) [0x7ff71d7ab0ac]
	chromedriver!(No symbol) [0x7ff71d7aaa46]
	chromedriver!(No symbol) [0x7ff71d80483b]
	chromedriver!(No symbol) [0x7ff71d7a90e8]
	chromedriver!(No symbol) [0x7ff71d7a9fc3]
	chromedriver!GetHandleVerifier [0x7ff71dd00149+32a6a9]
	chromedriver!GetHandleVerifier [0x7ff71dcfa715+324c75]
	chromedriver!GetHandleVerifier [0x7ff71dd1c012+346572]
	chromedriver!GetHandleVerifier [0x7ff71da07cb5+32215]
	chromedriver!GetHandleVerifier [0x7ff71da1087c+3addc]
	chromedriver!GetHandleVerifier [0x7ff71d9f40e4+1e644]
	chromedriver!GetHandleVerifier [0x7ff71d9f4296+1e7f6]
	chromedriver!GetHandleVerifier [0x7ff71d9d8737+2c97]
	KERNEL32!BaseThreadInitThunk [0x7ffded25e8d7+17]
	ntdll!RtlUserThreadStart [0x7ffded80c3fc+2c]

2026-04-28 20:08:17,730 - WARNING - Error producto: Message: stale element reference: stale element not found in the current frame
  (Session info: chrome=147.0.7727.137); For documentation on this error, please visit: https://www.selenium.dev/documentation/webdriver/troubleshooting/errors#staleelementreferenceexception
Stacktrace:
	chromedriver!GetHandleVerifier [0x7ff71d9ea8e5+14e45]
	chromedriver!GetHandleVerifier [0x7ff71d9ea950+14eb0]
	chromedriver!(No symbol) [0x7ff71d75d6ed]
	chromedriver!(No symbol) [0x7ff71d765671]
	chromedriver!(No symbol) [0x7ff71d768795]
	chromedriver!(No symbol) [0x7ff71d76885f]
	chromedriver!(No symbol) [0x7ff71d7b647e]
	chromedriver!(No symbol) [0x7ff71d7b700c]
	chromedriver!(No symbol) [0x7ff71d7ab0ac]
	chromedriver!(No symbol) [0x7ff71d7aaa46]
	chromedriver!(No symbol) [0x7ff71d80483b]
	chromedriver!(No symbol) [0x7ff71d7a90e8]
	chromedriver!(No symbol) [0x7ff71d7a9fc3]
	chromedriver!GetHandleVerifier [0x7ff71dd00149+32a6a9]
	chromedriver!GetHandleVerifier [0x7ff71dcfa715+324c75]
	chromedriver!GetHandleVerifier [0x7ff71dd1c012+346572]
	chromedriver!GetHandleVerifier [0x7ff71da07cb5+32215]
	chromedriver!GetHandleVerifier [0x7ff71da1087c+3addc]
	chromedriver!GetHandleVerifier [0x7ff71d9f40e4+1e644]
	chromedriver!GetHandleVerifier [0x7ff71d9f4296+1e7f6]
	chromedriver!GetHandleVerifier [0x7ff71d9d8737+2c97]
	KERNEL32!BaseThreadInitThunk [0x7ffded25e8d7+17]
	ntdll!RtlUserThreadStart [0x7ffded80c3fc+2c]

2026-04-28 20:08:17,733 - WARNING - Error producto: Message: stale element reference: stale element not found in the current frame
  (Session info: chrome=147.0.7727.137); For documentation on this error, please visit: https://www.selenium.dev/documentation/webdriver/troubleshooting/errors#staleelementreferenceexception
Stacktrace:
	chromedriver!GetHandleVerifier [0x7ff71d9ea8e5+14e45]
	chromedriver!GetHandleVerifier [0x7ff71d9ea950+14eb0]
	chromedriver!(No symbol) [0x7ff71d75d6ed]
	chromedriver!(No symbol) [0x7ff71d765671]
	chromedriver!(No symbol) [0x7ff71d768795]
	chromedriver!(No symbol) [0x7ff71d76885f]
	chromedriver!(No symbol) [0x7ff71d7b647e]
	chromedriver!(No symbol) [0x7ff71d7b700c]
	chromedriver!(No symbol) [0x7ff71d7ab0ac]
	chromedriver!(No symbol) [0x7ff71d7aaa46]
	chromedriver!(No symbol) [0x7ff71d80483b]
	chromedriver!(No symbol) [0x7ff71d7a90e8]
	chromedriver!(No symbol) [0x7ff71d7a9fc3]
	chromedriver!GetHandleVerifier [0x7ff71dd00149+32a6a9]
	chromedriver!GetHandleVerifier [0x7ff71dcfa715+324c75]
	chromedriver!GetHandleVerifier [0x7ff71dd1c012+346572]
	chromedriver!GetHandleVerifier [0x7ff71da07cb5+32215]
	chromedriver!GetHandleVerifier [0x7ff71da1087c+3addc]
	chromedriver!GetHandleVerifier [0x7ff71d9f40e4+1e644]
	chromedriver!GetHandleVerifier [0x7ff71d9f4296+1e7f6]
	chromedriver!GetHandleVerifier [0x7ff71d9d8737+2c97]
	KERNEL32!BaseThreadInitThunk [0x7ffded25e8d7+17]
	ntdll!RtlUserThreadStart [0x7ffded80c3fc+2c]

2026-04-28 20:08:17,740 - WARNING - Error producto: Message: stale element reference: stale element not found in the current frame
  (Session info: chrome=147.0.7727.137); For documentation on this error, please visit: https://www.selenium.dev/documentation/webdriver/troubleshooting/errors#staleelementreferenceexception
Stacktrace:
	chromedriver!GetHandleVerifier [0x7ff71d9ea8e5+14e45]
	chromedriver!GetHandleVerifier [0x7ff71d9ea950+14eb0]
	chromedriver!(No symbol) [0x7ff71d75d6ed]
	chromedriver!(No symbol) [0x7ff71d765671]
	chromedriver!(No symbol) [0x7ff71d768795]
	chromedriver!(No symbol) [0x7ff71d76885f]
	chromedriver!(No symbol) [0x7ff71d7b647e]
	chromedriver!(No symbol) [0x7ff71d7b700c]
	chromedriver!(No symbol) [0x7ff71d7ab0ac]
	chromedriver!(No symbol) [0x7ff71d7aaa46]
	chromedriver!(No symbol) [0x7ff71d80483b]
	chromedriver!(No symbol) [0x7ff71d7a90e8]
	chromedriver!(No symbol) [0x7ff71d7a9fc3]
	chromedriver!GetHandleVerifier [0x7ff71dd00149+32a6a9]
	chromedriver!GetHandleVerifier [0x7ff71dcfa715+324c75]
	chromedriver!GetHandleVerifier [0x7ff71dd1c012+346572]
	chromedriver!GetHandleVerifier [0x7ff71da07cb5+32215]
	chromedriver!GetHandleVerifier [0x7ff71da1087c+3addc]
	chromedriver!GetHandleVerifier [0x7ff71d9f40e4+1e644]
	chromedriver!GetHandleVerifier [0x7ff71d9f4296+1e7f6]
	chromedriver!GetHandleVerifier [0x7ff71d9d8737+2c97]
	KERNEL32!BaseThreadInitThunk [0x7ffded25e8d7+17]
	ntdll!RtlUserThreadStart [0x7ffded80c3fc+2c]

2026-04-28 20:08:17,744 - WARNING - Error producto: Message: stale element reference: stale element not found in the current frame
  (Session info: chrome=147.0.7727.137); For documentation on this error, please visit: https://www.selenium.dev/documentation/webdriver/troubleshooting/errors#staleelementreferenceexception
Stacktrace:
	chromedriver!GetHandleVerifier [0x7ff71d9ea8e5+14e45]
	chromedriver!GetHandleVerifier [0x7ff71d9ea950+14eb0]
	chromedriver!(No symbol) [0x7ff71d75d6ed]
	chromedriver!(No symbol) [0x7ff71d765671]
	chromedriver!(No symbol) [0x7ff71d768795]
	chromedriver!(No symbol) [0x7ff71d76885f]
	chromedriver!(No symbol) [0x7ff71d7b647e]
	chromedriver!(No symbol) [0x7ff71d7b700c]
	chromedriver!(No symbol) [0x7ff71d7ab0ac]
	chromedriver!(No symbol) [0x7ff71d7aaa46]
	chromedriver!(No symbol) [0x7ff71d80483b]
	chromedriver!(No symbol) [0x7ff71d7a90e8]
	chromedriver!(No symbol) [0x7ff71d7a9fc3]
	chromedriver!GetHandleVerifier [0x7ff71dd00149+32a6a9]
	chromedriver!GetHandleVerifier [0x7ff71dcfa715+324c75]
	chromedriver!GetHandleVerifier [0x7ff71dd1c012+346572]
	chromedriver!GetHandleVerifier [0x7ff71da07cb5+32215]
	chromedriver!GetHandleVerifier [0x7ff71da1087c+3addc]
	chromedriver!GetHandleVerifier [0x7ff71d9f40e4+1e644]
	chromedriver!GetHandleVerifier [0x7ff71d9f4296+1e7f6]
	chromedriver!GetHandleVerifier [0x7ff71d9d8737+2c97]
	KERNEL32!BaseThreadInitThunk [0x7ffded25e8d7+17]
	ntdll!RtlUserThreadStart [0x7ffded80c3fc+2c]

2026-04-28 20:08:17,748 - WARNING - Error producto: Message: stale element reference: stale element not found in the current frame
  (Session info: chrome=147.0.7727.137); For documentation on this error, please visit: https://www.selenium.dev/documentation/webdriver/troubleshooting/errors#staleelementreferenceexception
Stacktrace:
	chromedriver!GetHandleVerifier [0x7ff71d9ea8e5+14e45]
	chromedriver!GetHandleVerifier [0x7ff71d9ea950+14eb0]
	chromedriver!(No symbol) [0x7ff71d75d6ed]
	chromedriver!(No symbol) [0x7ff71d765671]
	chromedriver!(No symbol) [0x7ff71d768795]
	chromedriver!(No symbol) [0x7ff71d76885f]
	chromedriver!(No symbol) [0x7ff71d7b647e]
	chromedriver!(No symbol) [0x7ff71d7b700c]
	chromedriver!(No symbol) [0x7ff71d7ab0ac]
	chromedriver!(No symbol) [0x7ff71d7aaa46]
	chromedriver!(No symbol) [0x7ff71d80483b]
	chromedriver!(No symbol) [0x7ff71d7a90e8]
	chromedriver!(No symbol) [0x7ff71d7a9fc3]
	chromedriver!GetHandleVerifier [0x7ff71dd00149+32a6a9]
	chromedriver!GetHandleVerifier [0x7ff71dcfa715+324c75]
	chromedriver!GetHandleVerifier [0x7ff71dd1c012+346572]
	chromedriver!GetHandleVerifier [0x7ff71da07cb5+32215]
	chromedriver!GetHandleVerifier [0x7ff71da1087c+3addc]
	chromedriver!GetHandleVerifier [0x7ff71d9f40e4+1e644]
	chromedriver!GetHandleVerifier [0x7ff71d9f4296+1e7f6]
	chromedriver!GetHandleVerifier [0x7ff71d9d8737+2c97]
	KERNEL32!BaseThreadInitThunk [0x7ffded25e8d7+17]
	ntdll!RtlUserThreadStart [0x7ffded80c3fc+2c]

2026-04-28 20:08:17,753 - WARNING - Error producto: Message: stale element reference: stale element not found in the current frame
  (Session info: chrome=147.0.7727.137); For documentation on this error, please visit: https://www.selenium.dev/documentation/webdriver/troubleshooting/errors#staleelementreferenceexception
Stacktrace:
	chromedriver!GetHandleVerifier [0x7ff71d9ea8e5+14e45]
	chromedriver!GetHandleVerifier [0x7ff71d9ea950+14eb0]
	chromedriver!(No symbol) [0x7ff71d75d6ed]
	chromedriver!(No symbol) [0x7ff71d765671]
	chromedriver!(No symbol) [0x7ff71d768795]
	chromedriver!(No symbol) [0x7ff71d76885f]
	chromedriver!(No symbol) [0x7ff71d7b647e]
	chromedriver!(No symbol) [0x7ff71d7b700c]
	chromedriver!(No symbol) [0x7ff71d7ab0ac]
	chromedriver!(No symbol) [0x7ff71d7aaa46]
	chromedriver!(No symbol) [0x7ff71d80483b]
	chromedriver!(No symbol) [0x7ff71d7a90e8]
	chromedriver!(No symbol) [0x7ff71d7a9fc3]
	chromedriver!GetHandleVerifier [0x7ff71dd00149+32a6a9]
	chromedriver!GetHandleVerifier [0x7ff71dcfa715+324c75]
	chromedriver!GetHandleVerifier [0x7ff71dd1c012+346572]
	chromedriver!GetHandleVerifier [0x7ff71da07cb5+32215]
	chromedriver!GetHandleVerifier [0x7ff71da1087c+3addc]
	chromedriver!GetHandleVerifier [0x7ff71d9f40e4+1e644]
	chromedriver!GetHandleVerifier [0x7ff71d9f4296+1e7f6]
	chromedriver!GetHandleVerifier [0x7ff71d9d8737+2c97]
	KERNEL32!BaseThreadInitThunk [0x7ffded25e8d7+17]
	ntdll!RtlUserThreadStart [0x7ffded80c3fc+2c]

2026-04-28 20:08:17,758 - WARNING - Error producto: Message: stale element reference: stale element not found in the current frame
  (Session info: chrome=147.0.7727.137); For documentation on this error, please visit: https://www.selenium.dev/documentation/webdriver/troubleshooting/errors#staleelementreferenceexception
Stacktrace:
	chromedriver!GetHandleVerifier [0x7ff71d9ea8e5+14e45]
	chromedriver!GetHandleVerifier [0x7ff71d9ea950+14eb0]
	chromedriver!(No symbol) [0x7ff71d75d6ed]
	chromedriver!(No symbol) [0x7ff71d765671]
	chromedriver!(No symbol) [0x7ff71d768795]
	chromedriver!(No symbol) [0x7ff71d76885f]
	chromedriver!(No symbol) [0x7ff71d7b647e]
	chromedriver!(No symbol) [0x7ff71d7b700c]
	chromedriver!(No symbol) [0x7ff71d7ab0ac]
	chromedriver!(No symbol) [0x7ff71d7aaa46]
	chromedriver!(No symbol) [0x7ff71d80483b]
	chromedriver!(No symbol) [0x7ff71d7a90e8]
	chromedriver!(No symbol) [0x7ff71d7a9fc3]
	chromedriver!GetHandleVerifier [0x7ff71dd00149+32a6a9]
	chromedriver!GetHandleVerifier [0x7ff71dcfa715+324c75]
	chromedriver!GetHandleVerifier [0x7ff71dd1c012+346572]
	chromedriver!GetHandleVerifier [0x7ff71da07cb5+32215]
	chromedriver!GetHandleVerifier [0x7ff71da1087c+3addc]
	chromedriver!GetHandleVerifier [0x7ff71d9f40e4+1e644]
	chromedriver!GetHandleVerifier [0x7ff71d9f4296+1e7f6]
	chromedriver!GetHandleVerifier [0x7ff71d9d8737+2c97]
	KERNEL32!BaseThreadInitThunk [0x7ffded25e8d7+17]
	ntdll!RtlUserThreadStart [0x7ffded80c3fc+2c]

2026-04-28 20:08:17,762 - WARNING - Error producto: Message: stale element reference: stale element not found in the current frame
  (Session info: chrome=147.0.7727.137); For documentation on this error, please visit: https://www.selenium.dev/documentation/webdriver/troubleshooting/errors#staleelementreferenceexception
Stacktrace:
	chromedriver!GetHandleVerifier [0x7ff71d9ea8e5+14e45]
	chromedriver!GetHandleVerifier [0x7ff71d9ea950+14eb0]
	chromedriver!(No symbol) [0x7ff71d75d6ed]
	chromedriver!(No symbol) [0x7ff71d765671]
	chromedriver!(No symbol) [0x7ff71d768795]
	chromedriver!(No symbol) [0x7ff71d76885f]
	chromedriver!(No symbol) [0x7ff71d7b647e]
	chromedriver!(No symbol) [0x7ff71d7b700c]
	chromedriver!(No symbol) [0x7ff71d7ab0ac]
	chromedriver!(No symbol) [0x7ff71d7aaa46]
	chromedriver!(No symbol) [0x7ff71d80483b]
	chromedriver!(No symbol) [0x7ff71d7a90e8]
	chromedriver!(No symbol) [0x7ff71d7a9fc3]
	chromedriver!GetHandleVerifier [0x7ff71dd00149+32a6a9]
	chromedriver!GetHandleVerifier [0x7ff71dcfa715+324c75]
	chromedriver!GetHandleVerifier [0x7ff71dd1c012+346572]
	chromedriver!GetHandleVerifier [0x7ff71da07cb5+32215]
	chromedriver!GetHandleVerifier [0x7ff71da1087c+3addc]
	chromedriver!GetHandleVerifier [0x7ff71d9f40e4+1e644]
	chromedriver!GetHandleVerifier [0x7ff71d9f4296+1e7f6]
	chromedriver!GetHandleVerifier [0x7ff71d9d8737+2c97]
	KERNEL32!BaseThreadInitThunk [0x7ffded25e8d7+17]
	ntdll!RtlUserThreadStart [0x7ffded80c3fc+2c]

2026-04-28 20:08:17,766 - WARNING - Error producto: Message: stale element reference: stale element not found in the current frame
  (Session info: chrome=147.0.7727.137); For documentation on this error, please visit: https://www.selenium.dev/documentation/webdriver/troubleshooting/errors#staleelementreferenceexception
Stacktrace:
	chromedriver!GetHandleVerifier [0x7ff71d9ea8e5+14e45]
	chromedriver!GetHandleVerifier [0x7ff71d9ea950+14eb0]
	chromedriver!(No symbol) [0x7ff71d75d6ed]
	chromedriver!(No symbol) [0x7ff71d765671]
	chromedriver!(No symbol) [0x7ff71d768795]
	chromedriver!(No symbol) [0x7ff71d76885f]
	chromedriver!(No symbol) [0x7ff71d7b647e]
	chromedriver!(No symbol) [0x7ff71d7b700c]
	chromedriver!(No symbol) [0x7ff71d7ab0ac]
	chromedriver!(No symbol) [0x7ff71d7aaa46]
	chromedriver!(No symbol) [0x7ff71d80483b]
	chromedriver!(No symbol) [0x7ff71d7a90e8]
	chromedriver!(No symbol) [0x7ff71d7a9fc3]
	chromedriver!GetHandleVerifier [0x7ff71dd00149+32a6a9]
	chromedriver!GetHandleVerifier [0x7ff71dcfa715+324c75]
	chromedriver!GetHandleVerifier [0x7ff71dd1c012+346572]
	chromedriver!GetHandleVerifier [0x7ff71da07cb5+32215]
	chromedriver!GetHandleVerifier [0x7ff71da1087c+3addc]
	chromedriver!GetHandleVerifier [0x7ff71d9f40e4+1e644]
	chromedriver!GetHandleVerifier [0x7ff71d9f4296+1e7f6]
	chromedriver!GetHandleVerifier [0x7ff71d9d8737+2c97]
	KERNEL32!BaseThreadInitThunk [0x7ffded25e8d7+17]
	ntdll!RtlUserThreadStart [0x7ffded80c3fc+2c]

2026-04-28 20:08:17,770 - WARNING - Error producto: Message: stale element reference: stale element not found in the current frame
  (Session info: chrome=147.0.7727.137); For documentation on this error, please visit: https://www.selenium.dev/documentation/webdriver/troubleshooting/errors#staleelementreferenceexception
Stacktrace:
	chromedriver!GetHandleVerifier [0x7ff71d9ea8e5+14e45]
	chromedriver!GetHandleVerifier [0x7ff71d9ea950+14eb0]
	chromedriver!(No symbol) [0x7ff71d75d6ed]
	chromedriver!(No symbol) [0x7ff71d765671]
	chromedriver!(No symbol) [0x7ff71d768795]
	chromedriver!(No symbol) [0x7ff71d76885f]
	chromedriver!(No symbol) [0x7ff71d7b647e]
	chromedriver!(No symbol) [0x7ff71d7b700c]
	chromedriver!(No symbol) [0x7ff71d7ab0ac]
	chromedriver!(No symbol) [0x7ff71d7aaa46]
	chromedriver!(No symbol) [0x7ff71d80483b]
	chromedriver!(No symbol) [0x7ff71d7a90e8]
	chromedriver!(No symbol) [0x7ff71d7a9fc3]
	chromedriver!GetHandleVerifier [0x7ff71dd00149+32a6a9]
	chromedriver!GetHandleVerifier [0x7ff71dcfa715+324c75]
	chromedriver!GetHandleVerifier [0x7ff71dd1c012+346572]
	chromedriver!GetHandleVerifier [0x7ff71da07cb5+32215]
	chromedriver!GetHandleVerifier [0x7ff71da1087c+3addc]
	chromedriver!GetHandleVerifier [0x7ff71d9f40e4+1e644]
	chromedriver!GetHandleVerifier [0x7ff71d9f4296+1e7f6]
	chromedriver!GetHandleVerifier [0x7ff71d9d8737+2c97]
	KERNEL32!BaseThreadInitThunk [0x7ffded25e8d7+17]
	ntdll!RtlUserThreadStart [0x7ffded80c3fc+2c]

2026-04-28 20:08:17,774 - WARNING - Error producto: Message: stale element reference: stale element not found in the current frame
  (Session info: chrome=147.0.7727.137); For documentation on this error, please visit: https://www.selenium.dev/documentation/webdriver/troubleshooting/errors#staleelementreferenceexception
Stacktrace:
	chromedriver!GetHandleVerifier [0x7ff71d9ea8e5+14e45]
	chromedriver!GetHandleVerifier [0x7ff71d9ea950+14eb0]
	chromedriver!(No symbol) [0x7ff71d75d6ed]
	chromedriver!(No symbol) [0x7ff71d765671]
	chromedriver!(No symbol) [0x7ff71d768795]
	chromedriver!(No symbol) [0x7ff71d76885f]
	chromedriver!(No symbol) [0x7ff71d7b647e]
	chromedriver!(No symbol) [0x7ff71d7b700c]
	chromedriver!(No symbol) [0x7ff71d7ab0ac]
	chromedriver!(No symbol) [0x7ff71d7aaa46]
	chromedriver!(No symbol) [0x7ff71d80483b]
	chromedriver!(No symbol) [0x7ff71d7a90e8]
	chromedriver!(No symbol) [0x7ff71d7a9fc3]
	chromedriver!GetHandleVerifier [0x7ff71dd00149+32a6a9]
	chromedriver!GetHandleVerifier [0x7ff71dcfa715+324c75]
	chromedriver!GetHandleVerifier [0x7ff71dd1c012+346572]
	chromedriver!GetHandleVerifier [0x7ff71da07cb5+32215]
	chromedriver!GetHandleVerifier [0x7ff71da1087c+3addc]
	chromedriver!GetHandleVerifier [0x7ff71d9f40e4+1e644]
	chromedriver!GetHandleVerifier [0x7ff71d9f4296+1e7f6]
	chromedriver!GetHandleVerifier [0x7ff71d9d8737+2c97]
	KERNEL32!BaseThreadInitThunk [0x7ffded25e8d7+17]
	ntdll!RtlUserThreadStart [0x7ffded80c3fc+2c]

2026-04-28 20:08:17,778 - WARNING - Error producto: Message: stale element reference: stale element not found in the current frame
  (Session info: chrome=147.0.7727.137); For documentation on this error, please visit: https://www.selenium.dev/documentation/webdriver/troubleshooting/errors#staleelementreferenceexception
Stacktrace:
	chromedriver!GetHandleVerifier [0x7ff71d9ea8e5+14e45]
	chromedriver!GetHandleVerifier [0x7ff71d9ea950+14eb0]
	chromedriver!(No symbol) [0x7ff71d75d6ed]
	chromedriver!(No symbol) [0x7ff71d765671]
	chromedriver!(No symbol) [0x7ff71d768795]
	chromedriver!(No symbol) [0x7ff71d76885f]
	chromedriver!(No symbol) [0x7ff71d7b647e]
	chromedriver!(No symbol) [0x7ff71d7b700c]
	chromedriver!(No symbol) [0x7ff71d7ab0ac]
	chromedriver!(No symbol) [0x7ff71d7aaa46]
	chromedriver!(No symbol) [0x7ff71d80483b]
	chromedriver!(No symbol) [0x7ff71d7a90e8]
	chromedriver!(No symbol) [0x7ff71d7a9fc3]
	chromedriver!GetHandleVerifier [0x7ff71dd00149+32a6a9]
	chromedriver!GetHandleVerifier [0x7ff71dcfa715+324c75]
	chromedriver!GetHandleVerifier [0x7ff71dd1c012+346572]
	chromedriver!GetHandleVerifier [0x7ff71da07cb5+32215]
	chromedriver!GetHandleVerifier [0x7ff71da1087c+3addc]
	chromedriver!GetHandleVerifier [0x7ff71d9f40e4+1e644]
	chromedriver!GetHandleVerifier [0x7ff71d9f4296+1e7f6]
	chromedriver!GetHandleVerifier [0x7ff71d9d8737+2c97]
	KERNEL32!BaseThreadInitThunk [0x7ffded25e8d7+17]
	ntdll!RtlUserThreadStart [0x7ffded80c3fc+2c]

2026-04-28 20:08:17,782 - WARNING - Error producto: Message: stale element reference: stale element not found in the current frame
  (Session info: chrome=147.0.7727.137); For documentation on this error, please visit: https://www.selenium.dev/documentation/webdriver/troubleshooting/errors#staleelementreferenceexception
Stacktrace:
	chromedriver!GetHandleVerifier [0x7ff71d9ea8e5+14e45]
	chromedriver!GetHandleVerifier [0x7ff71d9ea950+14eb0]
	chromedriver!(No symbol) [0x7ff71d75d6ed]
	chromedriver!(No symbol) [0x7ff71d765671]
	chromedriver!(No symbol) [0x7ff71d768795]
	chromedriver!(No symbol) [0x7ff71d76885f]
	chromedriver!(No symbol) [0x7ff71d7b647e]
	chromedriver!(No symbol) [0x7ff71d7b700c]
	chromedriver!(No symbol) [0x7ff71d7ab0ac]
	chromedriver!(No symbol) [0x7ff71d7aaa46]
	chromedriver!(No symbol) [0x7ff71d80483b]
	chromedriver!(No symbol) [0x7ff71d7a90e8]
	chromedriver!(No symbol) [0x7ff71d7a9fc3]
	chromedriver!GetHandleVerifier [0x7ff71dd00149+32a6a9]
	chromedriver!GetHandleVerifier [0x7ff71dcfa715+324c75]
	chromedriver!GetHandleVerifier [0x7ff71dd1c012+346572]
	chromedriver!GetHandleVerifier [0x7ff71da07cb5+32215]
	chromedriver!GetHandleVerifier [0x7ff71da1087c+3addc]
	chromedriver!GetHandleVerifier [0x7ff71d9f40e4+1e644]
	chromedriver!GetHandleVerifier [0x7ff71d9f4296+1e7f6]
	chromedriver!GetHandleVerifier [0x7ff71d9d8737+2c97]
	KERNEL32!BaseThreadInitThunk [0x7ffded25e8d7+17]
	ntdll!RtlUserThreadStart [0x7ffded80c3fc+2c]

2026-04-28 20:08:17,787 - WARNING - Error producto: Message: stale element reference: stale element not found in the current frame
  (Session info: chrome=147.0.7727.137); For documentation on this error, please visit: https://www.selenium.dev/documentation/webdriver/troubleshooting/errors#staleelementreferenceexception
Stacktrace:
	chromedriver!GetHandleVerifier [0x7ff71d9ea8e5+14e45]
	chromedriver!GetHandleVerifier [0x7ff71d9ea950+14eb0]
	chromedriver!(No symbol) [0x7ff71d75d6ed]
	chromedriver!(No symbol) [0x7ff71d765671]
	chromedriver!(No symbol) [0x7ff71d768795]
	chromedriver!(No symbol) [0x7ff71d76885f]
	chromedriver!(No symbol) [0x7ff71d7b647e]
	chromedriver!(No symbol) [0x7ff71d7b700c]
	chromedriver!(No symbol) [0x7ff71d7ab0ac]
	chromedriver!(No symbol) [0x7ff71d7aaa46]
	chromedriver!(No symbol) [0x7ff71d80483b]
	chromedriver!(No symbol) [0x7ff71d7a90e8]
	chromedriver!(No symbol) [0x7ff71d7a9fc3]
	chromedriver!GetHandleVerifier [0x7ff71dd00149+32a6a9]
	chromedriver!GetHandleVerifier [0x7ff71dcfa715+324c75]
	chromedriver!GetHandleVerifier [0x7ff71dd1c012+346572]
	chromedriver!GetHandleVerifier [0x7ff71da07cb5+32215]
	chromedriver!GetHandleVerifier [0x7ff71da1087c+3addc]
	chromedriver!GetHandleVerifier [0x7ff71d9f40e4+1e644]
	chromedriver!GetHandleVerifier [0x7ff71d9f4296+1e7f6]
	chromedriver!GetHandleVerifier [0x7ff71d9d8737+2c97]
	KERNEL32!BaseThreadInitThunk [0x7ffded25e8d7+17]
	ntdll!RtlUserThreadStart [0x7ffded80c3fc+2c]

2026-04-28 20:08:17,791 - WARNING - Error producto: Message: stale element reference: stale element not found in the current frame
  (Session info: chrome=147.0.7727.137); For documentation on this error, please visit: https://www.selenium.dev/documentation/webdriver/troubleshooting/errors#staleelementreferenceexception
Stacktrace:
	chromedriver!GetHandleVerifier [0x7ff71d9ea8e5+14e45]
	chromedriver!GetHandleVerifier [0x7ff71d9ea950+14eb0]
	chromedriver!(No symbol) [0x7ff71d75d6ed]
	chromedriver!(No symbol) [0x7ff71d765671]
	chromedriver!(No symbol) [0x7ff71d768795]
	chromedriver!(No symbol) [0x7ff71d76885f]
	chromedriver!(No symbol) [0x7ff71d7b647e]
	chromedriver!(No symbol) [0x7ff71d7b700c]
	chromedriver!(No symbol) [0x7ff71d7ab0ac]
	chromedriver!(No symbol) [0x7ff71d7aaa46]
	chromedriver!(No symbol) [0x7ff71d80483b]
	chromedriver!(No symbol) [0x7ff71d7a90e8]
	chromedriver!(No symbol) [0x7ff71d7a9fc3]
	chromedriver!GetHandleVerifier [0x7ff71dd00149+32a6a9]
	chromedriver!GetHandleVerifier [0x7ff71dcfa715+324c75]
	chromedriver!GetHandleVerifier [0x7ff71dd1c012+346572]
	chromedriver!GetHandleVerifier [0x7ff71da07cb5+32215]
	chromedriver!GetHandleVerifier [0x7ff71da1087c+3addc]
	chromedriver!GetHandleVerifier [0x7ff71d9f40e4+1e644]
	chromedriver!GetHandleVerifier [0x7ff71d9f4296+1e7f6]
	chromedriver!GetHandleVerifier [0x7ff71d9d8737+2c97]
	KERNEL32!BaseThreadInitThunk [0x7ffded25e8d7+17]
	ntdll!RtlUserThreadStart [0x7ffded80c3fc+2c]

2026-04-28 20:08:17,795 - WARNING - Error producto: Message: stale element reference: stale element not found in the current frame
  (Session info: chrome=147.0.7727.137); For documentation on this error, please visit: https://www.selenium.dev/documentation/webdriver/troubleshooting/errors#staleelementreferenceexception
Stacktrace:
	chromedriver!GetHandleVerifier [0x7ff71d9ea8e5+14e45]
	chromedriver!GetHandleVerifier [0x7ff71d9ea950+14eb0]
	chromedriver!(No symbol) [0x7ff71d75d6ed]
	chromedriver!(No symbol) [0x7ff71d765671]
	chromedriver!(No symbol) [0x7ff71d768795]
	chromedriver!(No symbol) [0x7ff71d76885f]
	chromedriver!(No symbol) [0x7ff71d7b647e]
	chromedriver!(No symbol) [0x7ff71d7b700c]
	chromedriver!(No symbol) [0x7ff71d7ab0ac]
	chromedriver!(No symbol) [0x7ff71d7aaa46]
	chromedriver!(No symbol) [0x7ff71d80483b]
	chromedriver!(No symbol) [0x7ff71d7a90e8]
	chromedriver!(No symbol) [0x7ff71d7a9fc3]
	chromedriver!GetHandleVerifier [0x7ff71dd00149+32a6a9]
	chromedriver!GetHandleVerifier [0x7ff71dcfa715+324c75]
	chromedriver!GetHandleVerifier [0x7ff71dd1c012+346572]
	chromedriver!GetHandleVerifier [0x7ff71da07cb5+32215]
	chromedriver!GetHandleVerifier [0x7ff71da1087c+3addc]
	chromedriver!GetHandleVerifier [0x7ff71d9f40e4+1e644]
	chromedriver!GetHandleVerifier [0x7ff71d9f4296+1e7f6]
	chromedriver!GetHandleVerifier [0x7ff71d9d8737+2c97]
	KERNEL32!BaseThreadInitThunk [0x7ffded25e8d7+17]
	ntdll!RtlUserThreadStart [0x7ffded80c3fc+2c]

2026-04-28 20:08:17,798 - WARNING - Error producto: Message: stale element reference: stale element not found in the current frame
  (Session info: chrome=147.0.7727.137); For documentation on this error, please visit: https://www.selenium.dev/documentation/webdriver/troubleshooting/errors#staleelementreferenceexception
Stacktrace:
	chromedriver!GetHandleVerifier [0x7ff71d9ea8e5+14e45]
	chromedriver!GetHandleVerifier [0x7ff71d9ea950+14eb0]
	chromedriver!(No symbol) [0x7ff71d75d6ed]
	chromedriver!(No symbol) [0x7ff71d765671]
	chromedriver!(No symbol) [0x7ff71d768795]
	chromedriver!(No symbol) [0x7ff71d76885f]
	chromedriver!(No symbol) [0x7ff71d7b647e]
	chromedriver!(No symbol) [0x7ff71d7b700c]
	chromedriver!(No symbol) [0x7ff71d7ab0ac]
	chromedriver!(No symbol) [0x7ff71d7aaa46]
	chromedriver!(No symbol) [0x7ff71d80483b]
	chromedriver!(No symbol) [0x7ff71d7a90e8]
	chromedriver!(No symbol) [0x7ff71d7a9fc3]
	chromedriver!GetHandleVerifier [0x7ff71dd00149+32a6a9]
	chromedriver!GetHandleVerifier [0x7ff71dcfa715+324c75]
	chromedriver!GetHandleVerifier [0x7ff71dd1c012+346572]
	chromedriver!GetHandleVerifier [0x7ff71da07cb5+32215]
	chromedriver!GetHandleVerifier [0x7ff71da1087c+3addc]
	chromedriver!GetHandleVerifier [0x7ff71d9f40e4+1e644]
	chromedriver!GetHandleVerifier [0x7ff71d9f4296+1e7f6]
	chromedriver!GetHandleVerifier [0x7ff71d9d8737+2c97]
	KERNEL32!BaseThreadInitThunk [0x7ffded25e8d7+17]
	ntdll!RtlUserThreadStart [0x7ffded80c3fc+2c]

2026-04-28 20:08:17,802 - WARNING - Error producto: Message: stale element reference: stale element not found in the current frame
  (Session info: chrome=147.0.7727.137); For documentation on this error, please visit: https://www.selenium.dev/documentation/webdriver/troubleshooting/errors#staleelementreferenceexception
Stacktrace:
	chromedriver!GetHandleVerifier [0x7ff71d9ea8e5+14e45]
	chromedriver!GetHandleVerifier [0x7ff71d9ea950+14eb0]
	chromedriver!(No symbol) [0x7ff71d75d6ed]
	chromedriver!(No symbol) [0x7ff71d765671]
	chromedriver!(No symbol) [0x7ff71d768795]
	chromedriver!(No symbol) [0x7ff71d76885f]
	chromedriver!(No symbol) [0x7ff71d7b647e]
	chromedriver!(No symbol) [0x7ff71d7b700c]
	chromedriver!(No symbol) [0x7ff71d7ab0ac]
	chromedriver!(No symbol) [0x7ff71d7aaa46]
	chromedriver!(No symbol) [0x7ff71d80483b]
	chromedriver!(No symbol) [0x7ff71d7a90e8]
	chromedriver!(No symbol) [0x7ff71d7a9fc3]
	chromedriver!GetHandleVerifier [0x7ff71dd00149+32a6a9]
	chromedriver!GetHandleVerifier [0x7ff71dcfa715+324c75]
	chromedriver!GetHandleVerifier [0x7ff71dd1c012+346572]
	chromedriver!GetHandleVerifier [0x7ff71da07cb5+32215]
	chromedriver!GetHandleVerifier [0x7ff71da1087c+3addc]
	chromedriver!GetHandleVerifier [0x7ff71d9f40e4+1e644]
	chromedriver!GetHandleVerifier [0x7ff71d9f4296+1e7f6]
	chromedriver!GetHandleVerifier [0x7ff71d9d8737+2c97]
	KERNEL32!BaseThreadInitThunk [0x7ffded25e8d7+17]
	ntdll!RtlUserThreadStart [0x7ffded80c3fc+2c]

2026-04-28 20:08:17,806 - WARNING - Error producto: Message: stale element reference: stale element not found in the current frame
  (Session info: chrome=147.0.7727.137); For documentation on this error, please visit: https://www.selenium.dev/documentation/webdriver/troubleshooting/errors#staleelementreferenceexception
Stacktrace:
	chromedriver!GetHandleVerifier [0x7ff71d9ea8e5+14e45]
	chromedriver!GetHandleVerifier [0x7ff71d9ea950+14eb0]
	chromedriver!(No symbol) [0x7ff71d75d6ed]
	chromedriver!(No symbol) [0x7ff71d765671]
	chromedriver!(No symbol) [0x7ff71d768795]
	chromedriver!(No symbol) [0x7ff71d76885f]
	chromedriver!(No symbol) [0x7ff71d7b647e]
	chromedriver!(No symbol) [0x7ff71d7b700c]
	chromedriver!(No symbol) [0x7ff71d7ab0ac]
	chromedriver!(No symbol) [0x7ff71d7aaa46]
	chromedriver!(No symbol) [0x7ff71d80483b]
	chromedriver!(No symbol) [0x7ff71d7a90e8]
	chromedriver!(No symbol) [0x7ff71d7a9fc3]
	chromedriver!GetHandleVerifier [0x7ff71dd00149+32a6a9]
	chromedriver!GetHandleVerifier [0x7ff71dcfa715+324c75]
	chromedriver!GetHandleVerifier [0x7ff71dd1c012+346572]
	chromedriver!GetHandleVerifier [0x7ff71da07cb5+32215]
	chromedriver!GetHandleVerifier [0x7ff71da1087c+3addc]
	chromedriver!GetHandleVerifier [0x7ff71d9f40e4+1e644]
	chromedriver!GetHandleVerifier [0x7ff71d9f4296+1e7f6]
	chromedriver!GetHandleVerifier [0x7ff71d9d8737+2c97]
	KERNEL32!BaseThreadInitThunk [0x7ffded25e8d7+17]
	ntdll!RtlUserThreadStart [0x7ffded80c3fc+2c]

2026-04-28 20:08:17,810 - WARNING - Error producto: Message: stale element reference: stale element not found in the current frame
  (Session info: chrome=147.0.7727.137); For documentation on this error, please visit: https://www.selenium.dev/documentation/webdriver/troubleshooting/errors#staleelementreferenceexception
Stacktrace:
	chromedriver!GetHandleVerifier [0x7ff71d9ea8e5+14e45]
	chromedriver!GetHandleVerifier [0x7ff71d9ea950+14eb0]
	chromedriver!(No symbol) [0x7ff71d75d6ed]
	chromedriver!(No symbol) [0x7ff71d765671]
	chromedriver!(No symbol) [0x7ff71d768795]
	chromedriver!(No symbol) [0x7ff71d76885f]
	chromedriver!(No symbol) [0x7ff71d7b647e]
	chromedriver!(No symbol) [0x7ff71d7b700c]
	chromedriver!(No symbol) [0x7ff71d7ab0ac]
	chromedriver!(No symbol) [0x7ff71d7aaa46]
	chromedriver!(No symbol) [0x7ff71d80483b]
	chromedriver!(No symbol) [0x7ff71d7a90e8]
	chromedriver!(No symbol) [0x7ff71d7a9fc3]
	chromedriver!GetHandleVerifier [0x7ff71dd00149+32a6a9]
	chromedriver!GetHandleVerifier [0x7ff71dcfa715+324c75]
	chromedriver!GetHandleVerifier [0x7ff71dd1c012+346572]
	chromedriver!GetHandleVerifier [0x7ff71da07cb5+32215]
	chromedriver!GetHandleVerifier [0x7ff71da1087c+3addc]
	chromedriver!GetHandleVerifier [0x7ff71d9f40e4+1e644]
	chromedriver!GetHandleVerifier [0x7ff71d9f4296+1e7f6]
	chromedriver!GetHandleVerifier [0x7ff71d9d8737+2c97]
	KERNEL32!BaseThreadInitThunk [0x7ffded25e8d7+17]
	ntdll!RtlUserThreadStart [0x7ffded80c3fc+2c]

2026-04-28 20:08:17,814 - WARNING - Error producto: Message: stale element reference: stale element not found in the current frame
  (Session info: chrome=147.0.7727.137); For documentation on this error, please visit: https://www.selenium.dev/documentation/webdriver/troubleshooting/errors#staleelementreferenceexception
Stacktrace:
	chromedriver!GetHandleVerifier [0x7ff71d9ea8e5+14e45]
	chromedriver!GetHandleVerifier [0x7ff71d9ea950+14eb0]
	chromedriver!(No symbol) [0x7ff71d75d6ed]
	chromedriver!(No symbol) [0x7ff71d765671]
	chromedriver!(No symbol) [0x7ff71d768795]
	chromedriver!(No symbol) [0x7ff71d76885f]
	chromedriver!(No symbol) [0x7ff71d7b647e]
	chromedriver!(No symbol) [0x7ff71d7b700c]
	chromedriver!(No symbol) [0x7ff71d7ab0ac]
	chromedriver!(No symbol) [0x7ff71d7aaa46]
	chromedriver!(No symbol) [0x7ff71d80483b]
	chromedriver!(No symbol) [0x7ff71d7a90e8]
	chromedriver!(No symbol) [0x7ff71d7a9fc3]
	chromedriver!GetHandleVerifier [0x7ff71dd00149+32a6a9]
	chromedriver!GetHandleVerifier [0x7ff71dcfa715+324c75]
	chromedriver!GetHandleVerifier [0x7ff71dd1c012+346572]
	chromedriver!GetHandleVerifier [0x7ff71da07cb5+32215]
	chromedriver!GetHandleVerifier [0x7ff71da1087c+3addc]
	chromedriver!GetHandleVerifier [0x7ff71d9f40e4+1e644]
	chromedriver!GetHandleVerifier [0x7ff71d9f4296+1e7f6]
	chromedriver!GetHandleVerifier [0x7ff71d9d8737+2c97]
	KERNEL32!BaseThreadInitThunk [0x7ffded25e8d7+17]
	ntdll!RtlUserThreadStart [0x7ffded80c3fc+2c]

2026-04-28 20:08:17,818 - WARNING - Error producto: Message: stale element reference: stale element not found in the current frame
  (Session info: chrome=147.0.7727.137); For documentation on this error, please visit: https://www.selenium.dev/documentation/webdriver/troubleshooting/errors#staleelementreferenceexception
Stacktrace:
	chromedriver!GetHandleVerifier [0x7ff71d9ea8e5+14e45]
	chromedriver!GetHandleVerifier [0x7ff71d9ea950+14eb0]
	chromedriver!(No symbol) [0x7ff71d75d6ed]
	chromedriver!(No symbol) [0x7ff71d765671]
	chromedriver!(No symbol) [0x7ff71d768795]
	chromedriver!(No symbol) [0x7ff71d76885f]
	chromedriver!(No symbol) [0x7ff71d7b647e]
	chromedriver!(No symbol) [0x7ff71d7b700c]
	chromedriver!(No symbol) [0x7ff71d7ab0ac]
	chromedriver!(No symbol) [0x7ff71d7aaa46]
	chromedriver!(No symbol) [0x7ff71d80483b]
	chromedriver!(No symbol) [0x7ff71d7a90e8]
	chromedriver!(No symbol) [0x7ff71d7a9fc3]
	chromedriver!GetHandleVerifier [0x7ff71dd00149+32a6a9]
	chromedriver!GetHandleVerifier [0x7ff71dcfa715+324c75]
	chromedriver!GetHandleVerifier [0x7ff71dd1c012+346572]
	chromedriver!GetHandleVerifier [0x7ff71da07cb5+32215]
	chromedriver!GetHandleVerifier [0x7ff71da1087c+3addc]
	chromedriver!GetHandleVerifier [0x7ff71d9f40e4+1e644]
	chromedriver!GetHandleVerifier [0x7ff71d9f4296+1e7f6]
	chromedriver!GetHandleVerifier [0x7ff71d9d8737+2c97]
	KERNEL32!BaseThreadInitThunk [0x7ffded25e8d7+17]
	ntdll!RtlUserThreadStart [0x7ffded80c3fc+2c]

2026-04-28 20:08:17,821 - WARNING - Error producto: Message: stale element reference: stale element not found in the current frame
  (Session info: chrome=147.0.7727.137); For documentation on this error, please visit: https://www.selenium.dev/documentation/webdriver/troubleshooting/errors#staleelementreferenceexception
Stacktrace:
	chromedriver!GetHandleVerifier [0x7ff71d9ea8e5+14e45]
	chromedriver!GetHandleVerifier [0x7ff71d9ea950+14eb0]
	chromedriver!(No symbol) [0x7ff71d75d6ed]
	chromedriver!(No symbol) [0x7ff71d765671]
	chromedriver!(No symbol) [0x7ff71d768795]
	chromedriver!(No symbol) [0x7ff71d76885f]
	chromedriver!(No symbol) [0x7ff71d7b647e]
	chromedriver!(No symbol) [0x7ff71d7b700c]
	chromedriver!(No symbol) [0x7ff71d7ab0ac]
	chromedriver!(No symbol) [0x7ff71d7aaa46]
	chromedriver!(No symbol) [0x7ff71d80483b]
	chromedriver!(No symbol) [0x7ff71d7a90e8]
	chromedriver!(No symbol) [0x7ff71d7a9fc3]
	chromedriver!GetHandleVerifier [0x7ff71dd00149+32a6a9]
	chromedriver!GetHandleVerifier [0x7ff71dcfa715+324c75]
	chromedriver!GetHandleVerifier [0x7ff71dd1c012+346572]
	chromedriver!GetHandleVerifier [0x7ff71da07cb5+32215]
	chromedriver!GetHandleVerifier [0x7ff71da1087c+3addc]
	chromedriver!GetHandleVerifier [0x7ff71d9f40e4+1e644]
	chromedriver!GetHandleVerifier [0x7ff71d9f4296+1e7f6]
	chromedriver!GetHandleVerifier [0x7ff71d9d8737+2c97]
	KERNEL32!BaseThreadInitThunk [0x7ffded25e8d7+17]
	ntdll!RtlUserThreadStart [0x7ffded80c3fc+2c]

2026-04-28 20:08:17,826 - WARNING - Error producto: Message: stale element reference: stale element not found in the current frame
  (Session info: chrome=147.0.7727.137); For documentation on this error, please visit: https://www.selenium.dev/documentation/webdriver/troubleshooting/errors#staleelementreferenceexception
Stacktrace:
	chromedriver!GetHandleVerifier [0x7ff71d9ea8e5+14e45]
	chromedriver!GetHandleVerifier [0x7ff71d9ea950+14eb0]
	chromedriver!(No symbol) [0x7ff71d75d6ed]
	chromedriver!(No symbol) [0x7ff71d765671]
	chromedriver!(No symbol) [0x7ff71d768795]
	chromedriver!(No symbol) [0x7ff71d76885f]
	chromedriver!(No symbol) [0x7ff71d7b647e]
	chromedriver!(No symbol) [0x7ff71d7b700c]
	chromedriver!(No symbol) [0x7ff71d7ab0ac]
	chromedriver!(No symbol) [0x7ff71d7aaa46]
	chromedriver!(No symbol) [0x7ff71d80483b]
	chromedriver!(No symbol) [0x7ff71d7a90e8]
	chromedriver!(No symbol) [0x7ff71d7a9fc3]
	chromedriver!GetHandleVerifier [0x7ff71dd00149+32a6a9]
	chromedriver!GetHandleVerifier [0x7ff71dcfa715+324c75]
	chromedriver!GetHandleVerifier [0x7ff71dd1c012+346572]
	chromedriver!GetHandleVerifier [0x7ff71da07cb5+32215]
	chromedriver!GetHandleVerifier [0x7ff71da1087c+3addc]
	chromedriver!GetHandleVerifier [0x7ff71d9f40e4+1e644]
	chromedriver!GetHandleVerifier [0x7ff71d9f4296+1e7f6]
	chromedriver!GetHandleVerifier [0x7ff71d9d8737+2c97]
	KERNEL32!BaseThreadInitThunk [0x7ffded25e8d7+17]
	ntdll!RtlUserThreadStart [0x7ffded80c3fc+2c]

2026-04-28 20:08:17,830 - WARNING - Error producto: Message: stale element reference: stale element not found in the current frame
  (Session info: chrome=147.0.7727.137); For documentation on this error, please visit: https://www.selenium.dev/documentation/webdriver/troubleshooting/errors#staleelementreferenceexception
Stacktrace:
	chromedriver!GetHandleVerifier [0x7ff71d9ea8e5+14e45]
	chromedriver!GetHandleVerifier [0x7ff71d9ea950+14eb0]
	chromedriver!(No symbol) [0x7ff71d75d6ed]
	chromedriver!(No symbol) [0x7ff71d765671]
	chromedriver!(No symbol) [0x7ff71d768795]
	chromedriver!(No symbol) [0x7ff71d76885f]
	chromedriver!(No symbol) [0x7ff71d7b647e]
	chromedriver!(No symbol) [0x7ff71d7b700c]
	chromedriver!(No symbol) [0x7ff71d7ab0ac]
	chromedriver!(No symbol) [0x7ff71d7aaa46]
	chromedriver!(No symbol) [0x7ff71d80483b]
	chromedriver!(No symbol) [0x7ff71d7a90e8]
	chromedriver!(No symbol) [0x7ff71d7a9fc3]
	chromedriver!GetHandleVerifier [0x7ff71dd00149+32a6a9]
	chromedriver!GetHandleVerifier [0x7ff71dcfa715+324c75]
	chromedriver!GetHandleVerifier [0x7ff71dd1c012+346572]
	chromedriver!GetHandleVerifier [0x7ff71da07cb5+32215]
	chromedriver!GetHandleVerifier [0x7ff71da1087c+3addc]
	chromedriver!GetHandleVerifier [0x7ff71d9f40e4+1e644]
	chromedriver!GetHandleVerifier [0x7ff71d9f4296+1e7f6]
	chromedriver!GetHandleVerifier [0x7ff71d9d8737+2c97]
	KERNEL32!BaseThreadInitThunk [0x7ffded25e8d7+17]
	ntdll!RtlUserThreadStart [0x7ffded80c3fc+2c]

2026-04-28 20:08:17,833 - WARNING - Error producto: Message: stale element reference: stale element not found in the current frame
  (Session info: chrome=147.0.7727.137); For documentation on this error, please visit: https://www.selenium.dev/documentation/webdriver/troubleshooting/errors#staleelementreferenceexception
Stacktrace:
	chromedriver!GetHandleVerifier [0x7ff71d9ea8e5+14e45]
	chromedriver!GetHandleVerifier [0x7ff71d9ea950+14eb0]
	chromedriver!(No symbol) [0x7ff71d75d6ed]
	chromedriver!(No symbol) [0x7ff71d765671]
	chromedriver!(No symbol) [0x7ff71d768795]
	chromedriver!(No symbol) [0x7ff71d76885f]
	chromedriver!(No symbol) [0x7ff71d7b647e]
	chromedriver!(No symbol) [0x7ff71d7b700c]
	chromedriver!(No symbol) [0x7ff71d7ab0ac]
	chromedriver!(No symbol) [0x7ff71d7aaa46]
	chromedriver!(No symbol) [0x7ff71d80483b]
	chromedriver!(No symbol) [0x7ff71d7a90e8]
	chromedriver!(No symbol) [0x7ff71d7a9fc3]
	chromedriver!GetHandleVerifier [0x7ff71dd00149+32a6a9]
	chromedriver!GetHandleVerifier [0x7ff71dcfa715+324c75]
	chromedriver!GetHandleVerifier [0x7ff71dd1c012+346572]
	chromedriver!GetHandleVerifier [0x7ff71da07cb5+32215]
	chromedriver!GetHandleVerifier [0x7ff71da1087c+3addc]
	chromedriver!GetHandleVerifier [0x7ff71d9f40e4+1e644]
	chromedriver!GetHandleVerifier [0x7ff71d9f4296+1e7f6]
	chromedriver!GetHandleVerifier [0x7ff71d9d8737+2c97]
	KERNEL32!BaseThreadInitThunk [0x7ffded25e8d7+17]
	ntdll!RtlUserThreadStart [0x7ffded80c3fc+2c]

2026-04-28 20:08:17,837 - WARNING - Error producto: Message: stale element reference: stale element not found in the current frame
  (Session info: chrome=147.0.7727.137); For documentation on this error, please visit: https://www.selenium.dev/documentation/webdriver/troubleshooting/errors#staleelementreferenceexception
Stacktrace:
	chromedriver!GetHandleVerifier [0x7ff71d9ea8e5+14e45]
	chromedriver!GetHandleVerifier [0x7ff71d9ea950+14eb0]
	chromedriver!(No symbol) [0x7ff71d75d6ed]
	chromedriver!(No symbol) [0x7ff71d765671]
	chromedriver!(No symbol) [0x7ff71d768795]
	chromedriver!(No symbol) [0x7ff71d76885f]
	chromedriver!(No symbol) [0x7ff71d7b647e]
	chromedriver!(No symbol) [0x7ff71d7b700c]
	chromedriver!(No symbol) [0x7ff71d7ab0ac]
	chromedriver!(No symbol) [0x7ff71d7aaa46]
	chromedriver!(No symbol) [0x7ff71d80483b]
	chromedriver!(No symbol) [0x7ff71d7a90e8]
	chromedriver!(No symbol) [0x7ff71d7a9fc3]
	chromedriver!GetHandleVerifier [0x7ff71dd00149+32a6a9]
	chromedriver!GetHandleVerifier [0x7ff71dcfa715+324c75]
	chromedriver!GetHandleVerifier [0x7ff71dd1c012+346572]
	chromedriver!GetHandleVerifier [0x7ff71da07cb5+32215]
	chromedriver!GetHandleVerifier [0x7ff71da1087c+3addc]
	chromedriver!GetHandleVerifier [0x7ff71d9f40e4+1e644]
	chromedriver!GetHandleVerifier [0x7ff71d9f4296+1e7f6]
	chromedriver!GetHandleVerifier [0x7ff71d9d8737+2c97]
	KERNEL32!BaseThreadInitThunk [0x7ffded25e8d7+17]
	ntdll!RtlUserThreadStart [0x7ffded80c3fc+2c]

2026-04-28 20:08:17,841 - WARNING - Error producto: Message: stale element reference: stale element not found in the current frame
  (Session info: chrome=147.0.7727.137); For documentation on this error, please visit: https://www.selenium.dev/documentation/webdriver/troubleshooting/errors#staleelementreferenceexception
Stacktrace:
	chromedriver!GetHandleVerifier [0x7ff71d9ea8e5+14e45]
	chromedriver!GetHandleVerifier [0x7ff71d9ea950+14eb0]
	chromedriver!(No symbol) [0x7ff71d75d6ed]
	chromedriver!(No symbol) [0x7ff71d765671]
	chromedriver!(No symbol) [0x7ff71d768795]
	chromedriver!(No symbol) [0x7ff71d76885f]
	chromedriver!(No symbol) [0x7ff71d7b647e]
	chromedriver!(No symbol) [0x7ff71d7b700c]
	chromedriver!(No symbol) [0x7ff71d7ab0ac]
	chromedriver!(No symbol) [0x7ff71d7aaa46]
	chromedriver!(No symbol) [0x7ff71d80483b]
	chromedriver!(No symbol) [0x7ff71d7a90e8]
	chromedriver!(No symbol) [0x7ff71d7a9fc3]
	chromedriver!GetHandleVerifier [0x7ff71dd00149+32a6a9]
	chromedriver!GetHandleVerifier [0x7ff71dcfa715+324c75]
	chromedriver!GetHandleVerifier [0x7ff71dd1c012+346572]
	chromedriver!GetHandleVerifier [0x7ff71da07cb5+32215]
	chromedriver!GetHandleVerifier [0x7ff71da1087c+3addc]
	chromedriver!GetHandleVerifier [0x7ff71d9f40e4+1e644]
	chromedriver!GetHandleVerifier [0x7ff71d9f4296+1e7f6]
	chromedriver!GetHandleVerifier [0x7ff71d9d8737+2c97]
	KERNEL32!BaseThreadInitThunk [0x7ffded25e8d7+17]
	ntdll!RtlUserThreadStart [0x7ffded80c3fc+2c]

2026-04-28 20:08:17,845 - WARNING - Error producto: Message: stale element reference: stale element not found in the current frame
  (Session info: chrome=147.0.7727.137); For documentation on this error, please visit: https://www.selenium.dev/documentation/webdriver/troubleshooting/errors#staleelementreferenceexception
Stacktrace:
	chromedriver!GetHandleVerifier [0x7ff71d9ea8e5+14e45]
	chromedriver!GetHandleVerifier [0x7ff71d9ea950+14eb0]
	chromedriver!(No symbol) [0x7ff71d75d6ed]
	chromedriver!(No symbol) [0x7ff71d765671]
	chromedriver!(No symbol) [0x7ff71d768795]
	chromedriver!(No symbol) [0x7ff71d76885f]
	chromedriver!(No symbol) [0x7ff71d7b647e]
	chromedriver!(No symbol) [0x7ff71d7b700c]
	chromedriver!(No symbol) [0x7ff71d7ab0ac]
	chromedriver!(No symbol) [0x7ff71d7aaa46]
	chromedriver!(No symbol) [0x7ff71d80483b]
	chromedriver!(No symbol) [0x7ff71d7a90e8]
	chromedriver!(No symbol) [0x7ff71d7a9fc3]
	chromedriver!GetHandleVerifier [0x7ff71dd00149+32a6a9]
	chromedriver!GetHandleVerifier [0x7ff71dcfa715+324c75]
	chromedriver!GetHandleVerifier [0x7ff71dd1c012+346572]
	chromedriver!GetHandleVerifier [0x7ff71da07cb5+32215]
	chromedriver!GetHandleVerifier [0x7ff71da1087c+3addc]
	chromedriver!GetHandleVerifier [0x7ff71d9f40e4+1e644]
	chromedriver!GetHandleVerifier [0x7ff71d9f4296+1e7f6]
	chromedriver!GetHandleVerifier [0x7ff71d9d8737+2c97]
	KERNEL32!BaseThreadInitThunk [0x7ffded25e8d7+17]
	ntdll!RtlUserThreadStart [0x7ffded80c3fc+2c]

2026-04-28 20:08:17,849 - WARNING - Error producto: Message: stale element reference: stale element not found in the current frame
  (Session info: chrome=147.0.7727.137); For documentation on this error, please visit: https://www.selenium.dev/documentation/webdriver/troubleshooting/errors#staleelementreferenceexception
Stacktrace:
	chromedriver!GetHandleVerifier [0x7ff71d9ea8e5+14e45]
	chromedriver!GetHandleVerifier [0x7ff71d9ea950+14eb0]
	chromedriver!(No symbol) [0x7ff71d75d6ed]
	chromedriver!(No symbol) [0x7ff71d765671]
	chromedriver!(No symbol) [0x7ff71d768795]
	chromedriver!(No symbol) [0x7ff71d76885f]
	chromedriver!(No symbol) [0x7ff71d7b647e]
	chromedriver!(No symbol) [0x7ff71d7b700c]
	chromedriver!(No symbol) [0x7ff71d7ab0ac]
	chromedriver!(No symbol) [0x7ff71d7aaa46]
	chromedriver!(No symbol) [0x7ff71d80483b]
	chromedriver!(No symbol) [0x7ff71d7a90e8]
	chromedriver!(No symbol) [0x7ff71d7a9fc3]
	chromedriver!GetHandleVerifier [0x7ff71dd00149+32a6a9]
	chromedriver!GetHandleVerifier [0x7ff71dcfa715+324c75]
	chromedriver!GetHandleVerifier [0x7ff71dd1c012+346572]
	chromedriver!GetHandleVerifier [0x7ff71da07cb5+32215]
	chromedriver!GetHandleVerifier [0x7ff71da1087c+3addc]
	chromedriver!GetHandleVerifier [0x7ff71d9f40e4+1e644]
	chromedriver!GetHandleVerifier [0x7ff71d9f4296+1e7f6]
	chromedriver!GetHandleVerifier [0x7ff71d9d8737+2c97]
	KERNEL32!BaseThreadInitThunk [0x7ffded25e8d7+17]
	ntdll!RtlUserThreadStart [0x7ffded80c3fc+2c]

2026-04-28 20:08:17,852 - WARNING - Error producto: Message: stale element reference: stale element not found in the current frame
  (Session info: chrome=147.0.7727.137); For documentation on this error, please visit: https://www.selenium.dev/documentation/webdriver/troubleshooting/errors#staleelementreferenceexception
Stacktrace:
	chromedriver!GetHandleVerifier [0x7ff71d9ea8e5+14e45]
	chromedriver!GetHandleVerifier [0x7ff71d9ea950+14eb0]
	chromedriver!(No symbol) [0x7ff71d75d6ed]
	chromedriver!(No symbol) [0x7ff71d765671]
	chromedriver!(No symbol) [0x7ff71d768795]
	chromedriver!(No symbol) [0x7ff71d76885f]
	chromedriver!(No symbol) [0x7ff71d7b647e]
	chromedriver!(No symbol) [0x7ff71d7b700c]
	chromedriver!(No symbol) [0x7ff71d7ab0ac]
	chromedriver!(No symbol) [0x7ff71d7aaa46]
	chromedriver!(No symbol) [0x7ff71d80483b]
	chromedriver!(No symbol) [0x7ff71d7a90e8]
	chromedriver!(No symbol) [0x7ff71d7a9fc3]
	chromedriver!GetHandleVerifier [0x7ff71dd00149+32a6a9]
	chromedriver!GetHandleVerifier [0x7ff71dcfa715+324c75]
	chromedriver!GetHandleVerifier [0x7ff71dd1c012+346572]
	chromedriver!GetHandleVerifier [0x7ff71da07cb5+32215]
	chromedriver!GetHandleVerifier [0x7ff71da1087c+3addc]
	chromedriver!GetHandleVerifier [0x7ff71d9f40e4+1e644]
	chromedriver!GetHandleVerifier [0x7ff71d9f4296+1e7f6]
	chromedriver!GetHandleVerifier [0x7ff71d9d8737+2c97]
	KERNEL32!BaseThreadInitThunk [0x7ffded25e8d7+17]
	ntdll!RtlUserThreadStart [0x7ffded80c3fc+2c]

2026-04-28 20:08:17,856 - WARNING - Error producto: Message: stale element reference: stale element not found in the current frame
  (Session info: chrome=147.0.7727.137); For documentation on this error, please visit: https://www.selenium.dev/documentation/webdriver/troubleshooting/errors#staleelementreferenceexception
Stacktrace:
	chromedriver!GetHandleVerifier [0x7ff71d9ea8e5+14e45]
	chromedriver!GetHandleVerifier [0x7ff71d9ea950+14eb0]
	chromedriver!(No symbol) [0x7ff71d75d6ed]
	chromedriver!(No symbol) [0x7ff71d765671]
	chromedriver!(No symbol) [0x7ff71d768795]
	chromedriver!(No symbol) [0x7ff71d76885f]
	chromedriver!(No symbol) [0x7ff71d7b647e]
	chromedriver!(No symbol) [0x7ff71d7b700c]
	chromedriver!(No symbol) [0x7ff71d7ab0ac]
	chromedriver!(No symbol) [0x7ff71d7aaa46]
	chromedriver!(No symbol) [0x7ff71d80483b]
	chromedriver!(No symbol) [0x7ff71d7a90e8]
	chromedriver!(No symbol) [0x7ff71d7a9fc3]
	chromedriver!GetHandleVerifier [0x7ff71dd00149+32a6a9]
	chromedriver!GetHandleVerifier [0x7ff71dcfa715+324c75]
	chromedriver!GetHandleVerifier [0x7ff71dd1c012+346572]
	chromedriver!GetHandleVerifier [0x7ff71da07cb5+32215]
	chromedriver!GetHandleVerifier [0x7ff71da1087c+3addc]
	chromedriver!GetHandleVerifier [0x7ff71d9f40e4+1e644]
	chromedriver!GetHandleVerifier [0x7ff71d9f4296+1e7f6]
	chromedriver!GetHandleVerifier [0x7ff71d9d8737+2c97]
	KERNEL32!BaseThreadInitThunk [0x7ffded25e8d7+17]
	ntdll!RtlUserThreadStart [0x7ffded80c3fc+2c]

2026-04-28 20:08:17,860 - WARNING - Error producto: Message: stale element reference: stale element not found in the current frame
  (Session info: chrome=147.0.7727.137); For documentation on this error, please visit: https://www.selenium.dev/documentation/webdriver/troubleshooting/errors#staleelementreferenceexception
Stacktrace:
	chromedriver!GetHandleVerifier [0x7ff71d9ea8e5+14e45]
	chromedriver!GetHandleVerifier [0x7ff71d9ea950+14eb0]
	chromedriver!(No symbol) [0x7ff71d75d6ed]
	chromedriver!(No symbol) [0x7ff71d765671]
	chromedriver!(No symbol) [0x7ff71d768795]
	chromedriver!(No symbol) [0x7ff71d76885f]
	chromedriver!(No symbol) [0x7ff71d7b647e]
	chromedriver!(No symbol) [0x7ff71d7b700c]
	chromedriver!(No symbol) [0x7ff71d7ab0ac]
	chromedriver!(No symbol) [0x7ff71d7aaa46]
	chromedriver!(No symbol) [0x7ff71d80483b]
	chromedriver!(No symbol) [0x7ff71d7a90e8]
	chromedriver!(No symbol) [0x7ff71d7a9fc3]
	chromedriver!GetHandleVerifier [0x7ff71dd00149+32a6a9]
	chromedriver!GetHandleVerifier [0x7ff71dcfa715+324c75]
	chromedriver!GetHandleVerifier [0x7ff71dd1c012+346572]
	chromedriver!GetHandleVerifier [0x7ff71da07cb5+32215]
	chromedriver!GetHandleVerifier [0x7ff71da1087c+3addc]
	chromedriver!GetHandleVerifier [0x7ff71d9f40e4+1e644]
	chromedriver!GetHandleVerifier [0x7ff71d9f4296+1e7f6]
	chromedriver!GetHandleVerifier [0x7ff71d9d8737+2c97]
	KERNEL32!BaseThreadInitThunk [0x7ffded25e8d7+17]
	ntdll!RtlUserThreadStart [0x7ffded80c3fc+2c]

2026-04-28 20:08:17,864 - WARNING - Error producto: Message: stale element reference: stale element not found in the current frame
  (Session info: chrome=147.0.7727.137); For documentation on this error, please visit: https://www.selenium.dev/documentation/webdriver/troubleshooting/errors#staleelementreferenceexception
Stacktrace:
	chromedriver!GetHandleVerifier [0x7ff71d9ea8e5+14e45]
	chromedriver!GetHandleVerifier [0x7ff71d9ea950+14eb0]
	chromedriver!(No symbol) [0x7ff71d75d6ed]
	chromedriver!(No symbol) [0x7ff71d765671]
	chromedriver!(No symbol) [0x7ff71d768795]
	chromedriver!(No symbol) [0x7ff71d76885f]
	chromedriver!(No symbol) [0x7ff71d7b647e]
	chromedriver!(No symbol) [0x7ff71d7b700c]
	chromedriver!(No symbol) [0x7ff71d7ab0ac]
	chromedriver!(No symbol) [0x7ff71d7aaa46]
	chromedriver!(No symbol) [0x7ff71d80483b]
	chromedriver!(No symbol) [0x7ff71d7a90e8]
	chromedriver!(No symbol) [0x7ff71d7a9fc3]
	chromedriver!GetHandleVerifier [0x7ff71dd00149+32a6a9]
	chromedriver!GetHandleVerifier [0x7ff71dcfa715+324c75]
	chromedriver!GetHandleVerifier [0x7ff71dd1c012+346572]
	chromedriver!GetHandleVerifier [0x7ff71da07cb5+32215]
	chromedriver!GetHandleVerifier [0x7ff71da1087c+3addc]
	chromedriver!GetHandleVerifier [0x7ff71d9f40e4+1e644]
	chromedriver!GetHandleVerifier [0x7ff71d9f4296+1e7f6]
	chromedriver!GetHandleVerifier [0x7ff71d9d8737+2c97]
	KERNEL32!BaseThreadInitThunk [0x7ffded25e8d7+17]
	ntdll!RtlUserThreadStart [0x7ffded80c3fc+2c]

2026-04-28 20:08:18,059 - INFO - 151 productos insertados correctamente
2026-04-28 20:08:25,238 - INFO - No hay botón siguiente → fin
2026-04-28 20:08:25,297 - INFO - Reabriendo menú principal 'Periféricos' para la siguiente subcategoría
2026-04-28 20:08:25,332 - INFO - Subcategoría encontrada: 
2026-04-28 20:08:25,369 - INFO - Extrayendo datos de la sección 'Periféricos' y subcategoría ''
2026-04-28 20:08:25,376 - INFO - Grilla de productos encontrada
2026-04-28 20:08:26,708 - INFO - Scrapeando página 1
2026-04-28 20:08:47,236 - ERROR - Error insertando: 'NoneType' object is not subscriptable
2026-04-28 20:08:47,301 - INFO - Botón siguiente clickeado
2026-04-28 20:08:50,302 - INFO - Scrapeando página 2
2026-04-28 20:12:14,650 - ERROR - Error insertando: 'NoneType' object is not subscriptable
2026-04-28 20:12:14,715 - INFO - Botón siguiente clickeado
2026-04-28 20:12:17,716 - INFO - Scrapeando página 3
2026-04-28 20:13:54,673 - ERROR - Error insertando: 'NoneType' object is not subscriptable
2026-04-28 20:14:01,851 - INFO - No hay botón siguiente → fin
2026-04-28 20:14:01,909 - INFO - Reabriendo menú principal 'Periféricos' para la siguiente subcategoría
2026-04-28 20:14:01,943 - INFO - Subcategoría encontrada: 
2026-04-28 20:14:01,982 - INFO - Extrayendo datos de la sección 'Periféricos' y subcategoría ''
2026-04-28 20:14:01,988 - INFO - Grilla de productos encontrada
2026-04-28 20:14:03,832 - INFO - Scrapeando página 1
2026-04-28 20:14:24,379 - ERROR - Error insertando: 'NoneType' object is not subscriptable
2026-04-28 20:14:31,560 - INFO - No hay botón siguiente → fin
2026-04-28 20:14:31,613 - INFO - Reabriendo menú principal 'Periféricos' para la siguiente subcategoría
2026-04-28 20:14:31,643 - INFO - Subcategoría encontrada: 
2026-04-28 20:14:31,659 - INFO - Extrayendo datos de la sección 'Periféricos' y subcategoría ''
2026-04-28 20:14:31,664 - INFO - Grilla de productos encontrada
2026-04-28 20:14:32,990 - INFO - Scrapeando página 1
2026-04-28 20:14:53,562 - ERROR - Error insertando: 'NoneType' object is not subscriptable
2026-04-28 20:14:53,669 - INFO - Botón siguiente clickeado
2026-04-28 20:14:56,670 - INFO - Scrapeando página 2
2026-04-28 20:18:20,951 - ERROR - Error insertando: 'NoneType' object is not subscriptable
2026-04-28 20:18:21,018 - INFO - Botón siguiente clickeado
2026-04-28 20:18:24,019 - INFO - Scrapeando página 3
2026-04-28 20:20:38,810 - ERROR - Error insertando: 'NoneType' object is not subscriptable
2026-04-28 20:20:45,994 - INFO - No hay botón siguiente → fin
2026-04-28 20:20:46,053 - INFO - Reabriendo menú principal 'Periféricos' para la siguiente subcategoría
2026-04-28 20:20:46,109 - INFO - Subcategoría encontrada: 
2026-04-28 20:20:46,129 - INFO - Extrayendo datos de la sección 'Periféricos' y subcategoría ''
2026-04-28 20:20:46,135 - INFO - Grilla de productos encontrada
2026-04-28 20:20:47,978 - INFO - Scrapeando página 1
2026-04-28 20:21:08,525 - ERROR - Error insertando: 'NoneType' object is not subscriptable
2026-04-28 20:21:08,586 - INFO - Botón siguiente clickeado
2026-04-28 20:21:11,587 - INFO - Scrapeando página 2
2026-04-28 20:24:35,852 - ERROR - Error insertando: 'NoneType' object is not subscriptable
2026-04-28 20:24:35,917 - INFO - Botón siguiente clickeado
2026-04-28 20:24:38,918 - INFO - Scrapeando página 3
2026-04-28 20:28:03,349 - ERROR - Error insertando: 'NoneType' object is not subscriptable
2026-04-28 20:28:03,405 - INFO - Botón siguiente clickeado
2026-04-28 20:28:06,406 - INFO - Scrapeando página 4
2026-04-28 20:31:30,776 - ERROR - Error insertando: 'NoneType' object is not subscriptable
2026-04-28 20:31:30,842 - INFO - Botón siguiente clickeado
2026-04-28 20:31:33,844 - INFO - Scrapeando página 5
2026-04-28 20:34:58,138 - ERROR - Error insertando: 'NoneType' object is not subscriptable
2026-04-28 20:34:58,234 - INFO - Botón siguiente clickeado
2026-04-28 20:35:01,235 - INFO - Scrapeando página 6
2026-04-28 20:38:25,491 - ERROR - Error insertando: 'NoneType' object is not subscriptable
2026-04-28 20:38:25,552 - INFO - Botón siguiente clickeado
2026-04-28 20:38:28,553 - INFO - Scrapeando página 7
2026-04-28 20:41:52,873 - ERROR - Error insertando: 'NoneType' object is not subscriptable
2026-04-28 20:41:52,939 - INFO - Botón siguiente clickeado
2026-04-28 20:41:55,940 - INFO - Scrapeando página 8
2026-04-28 20:45:20,042 - ERROR - Error insertando: 'NoneType' object is not subscriptable
2026-04-28 20:45:20,105 - INFO - Botón siguiente clickeado
2026-04-28 20:45:23,106 - INFO - Scrapeando página 9
2026-04-28 20:46:38,527 - ERROR - Error insertando: 'NoneType' object is not subscriptable
2026-04-28 20:46:45,688 - INFO - No hay botón siguiente → fin
2026-04-28 20:46:45,743 - INFO - Reabriendo menú principal 'Periféricos' para la siguiente subcategoría
2026-04-28 20:46:45,789 - INFO - Subcategoría encontrada: 
2026-04-28 20:46:45,811 - INFO - Extrayendo datos de la sección 'Periféricos' y subcategoría ''
2026-04-28 20:46:45,819 - INFO - Grilla de productos encontrada
2026-04-28 20:46:47,171 - INFO - Scrapeando página 1
2026-04-28 20:47:07,704 - ERROR - Error insertando: 'NoneType' object is not subscriptable
2026-04-28 20:47:14,879 - INFO - No hay botón siguiente → fin
2026-04-28 20:47:14,933 - INFO - Reabriendo menú principal 'Periféricos' para la siguiente subcategoría
2026-04-28 20:47:14,963 - INFO - Subcategoría encontrada: 
2026-04-28 20:47:14,992 - INFO - Extrayendo datos de la sección 'Periféricos' y subcategoría ''
2026-04-28 20:47:14,998 - INFO - Grilla de productos encontrada
2026-04-28 20:47:17,341 - INFO - Scrapeando página 1
2026-04-28 20:47:37,897 - ERROR - Error insertando: 'NoneType' object is not subscriptable
2026-04-28 20:47:45,069 - INFO - No hay botón siguiente → fin
2026-04-28 20:47:45,121 - INFO - Reabriendo menú principal 'Periféricos' para la siguiente subcategoría
2026-04-28 20:47:45,150 - INFO - Subcategoría encontrada: 
2026-04-28 20:47:45,166 - INFO - Extrayendo datos de la sección 'Periféricos' y subcategoría ''
2026-04-28 20:47:45,171 - INFO - Grilla de productos encontrada
2026-04-28 20:47:48,023 - INFO - Scrapeando página 1
2026-04-28 20:48:08,510 - ERROR - Error insertando: 'NoneType' object is not subscriptable
2026-04-28 20:48:15,598 - INFO - No hay botón siguiente → fin
2026-04-28 20:48:15,652 - INFO - Reabriendo menú principal 'Periféricos' para la siguiente subcategoría
2026-04-28 20:48:15,697 - WARNING - Subcategoría sin href → saltando
2026-04-28 20:48:15,709 - WARNING - Subcategoría sin href → saltando
2026-04-28 20:48:15,725 - INFO - Subcategoría encontrada: Perfumes, Colonias Y Fragancias
2026-04-28 20:48:15,737 - INFO - Extrayendo datos de la sección 'Periféricos' y subcategoría 'Perfumes, Colonias Y Fragancias'
2026-04-28 20:48:15,745 - INFO - Grilla de productos encontrada
2026-04-28 20:48:19,377 - INFO - Scrapeando página 1
2026-04-28 20:48:39,917 - INFO - 20 productos insertados correctamente
2026-04-28 20:48:39,973 - INFO - Botón siguiente clickeado
2026-04-28 20:48:42,974 - INFO - Scrapeando página 2
2026-04-28 20:52:07,079 - INFO - 200 productos insertados correctamente
2026-04-28 20:52:07,139 - INFO - Botón siguiente clickeado
2026-04-28 20:52:10,141 - INFO - Scrapeando página 3
2026-04-28 20:55:34,188 - INFO - 200 productos insertados correctamente
2026-04-28 20:55:34,244 - INFO - Botón siguiente clickeado
2026-04-28 20:55:37,245 - INFO - Scrapeando página 4
2026-04-28 20:59:01,401 - INFO - 200 productos insertados correctamente
2026-04-28 20:59:01,461 - INFO - Botón siguiente clickeado
2026-04-28 20:59:04,461 - INFO - Scrapeando página 5
2026-04-28 21:02:28,569 - INFO - 200 productos insertados correctamente
2026-04-28 21:02:28,637 - INFO - Botón siguiente clickeado
2026-04-28 21:02:31,638 - INFO - Scrapeando página 6
2026-04-28 21:05:55,735 - INFO - 200 productos insertados correctamente
2026-04-28 21:05:55,815 - INFO - Botón siguiente clickeado
2026-04-28 21:05:58,816 - INFO - Scrapeando página 7
2026-04-28 21:09:22,998 - INFO - 200 productos insertados correctamente
2026-04-28 21:09:23,057 - INFO - Botón siguiente clickeado
2026-04-28 21:09:26,058 - INFO - Scrapeando página 8
2026-04-28 21:12:50,154 - INFO - 200 productos insertados correctamente
2026-04-28 21:12:50,212 - INFO - Botón siguiente clickeado
2026-04-28 21:12:53,213 - INFO - Scrapeando página 9
2026-04-28 21:15:30,073 - WARNING - Error producto: Message: stale element reference: stale element not found in the current frame
  (Session info: chrome=147.0.7727.137); For documentation on this error, please visit: https://www.selenium.dev/documentation/webdriver/troubleshooting/errors#staleelementreferenceexception
Stacktrace:
	chromedriver!GetHandleVerifier [0x7ff71d9ea8e5+14e45]
	chromedriver!GetHandleVerifier [0x7ff71d9ea950+14eb0]
	chromedriver!(No symbol) [0x7ff71d75d6ed]
	chromedriver!(No symbol) [0x7ff71d765671]
	chromedriver!(No symbol) [0x7ff71d768795]
	chromedriver!(No symbol) [0x7ff71d76885f]
	chromedriver!(No symbol) [0x7ff71d7b647e]
	chromedriver!(No symbol) [0x7ff71d7b700c]
	chromedriver!(No symbol) [0x7ff71d7ab0ac]
	chromedriver!(No symbol) [0x7ff71d7aaa46]
	chromedriver!(No symbol) [0x7ff71d80483b]
	chromedriver!(No symbol) [0x7ff71d7a90e8]
	chromedriver!(No symbol) [0x7ff71d7a9fc3]
	chromedriver!GetHandleVerifier [0x7ff71dd00149+32a6a9]
	chromedriver!GetHandleVerifier [0x7ff71dcfa715+324c75]
	chromedriver!GetHandleVerifier [0x7ff71dd1c012+346572]
	chromedriver!GetHandleVerifier [0x7ff71da07cb5+32215]
	chromedriver!GetHandleVerifier [0x7ff71da1087c+3addc]
	chromedriver!GetHandleVerifier [0x7ff71d9f40e4+1e644]
	chromedriver!GetHandleVerifier [0x7ff71d9f4296+1e7f6]
	chromedriver!GetHandleVerifier [0x7ff71d9d8737+2c97]
	KERNEL32!BaseThreadInitThunk [0x7ffded25e8d7+17]
	ntdll!RtlUserThreadStart [0x7ffded80c3fc+2c]

2026-04-28 21:15:30,076 - WARNING - Error producto: Message: stale element reference: stale element not found in the current frame
  (Session info: chrome=147.0.7727.137); For documentation on this error, please visit: https://www.selenium.dev/documentation/webdriver/troubleshooting/errors#staleelementreferenceexception
Stacktrace:
	chromedriver!GetHandleVerifier [0x7ff71d9ea8e5+14e45]
	chromedriver!GetHandleVerifier [0x7ff71d9ea950+14eb0]
	chromedriver!(No symbol) [0x7ff71d75d6ed]
	chromedriver!(No symbol) [0x7ff71d765671]
	chromedriver!(No symbol) [0x7ff71d768795]
	chromedriver!(No symbol) [0x7ff71d76885f]
	chromedriver!(No symbol) [0x7ff71d7b647e]
	chromedriver!(No symbol) [0x7ff71d7b700c]
	chromedriver!(No symbol) [0x7ff71d7ab0ac]
	chromedriver!(No symbol) [0x7ff71d7aaa46]
	chromedriver!(No symbol) [0x7ff71d80483b]
	chromedriver!(No symbol) [0x7ff71d7a90e8]
	chromedriver!(No symbol) [0x7ff71d7a9fc3]
	chromedriver!GetHandleVerifier [0x7ff71dd00149+32a6a9]
	chromedriver!GetHandleVerifier [0x7ff71dcfa715+324c75]
	chromedriver!GetHandleVerifier [0x7ff71dd1c012+346572]
	chromedriver!GetHandleVerifier [0x7ff71da07cb5+32215]
	chromedriver!GetHandleVerifier [0x7ff71da1087c+3addc]
	chromedriver!GetHandleVerifier [0x7ff71d9f40e4+1e644]
	chromedriver!GetHandleVerifier [0x7ff71d9f4296+1e7f6]
	chromedriver!GetHandleVerifier [0x7ff71d9d8737+2c97]
	KERNEL32!BaseThreadInitThunk [0x7ffded25e8d7+17]
	ntdll!RtlUserThreadStart [0x7ffded80c3fc+2c]

2026-04-28 21:15:30,080 - WARNING - Error producto: Message: stale element reference: stale element not found in the current frame
  (Session info: chrome=147.0.7727.137); For documentation on this error, please visit: https://www.selenium.dev/documentation/webdriver/troubleshooting/errors#staleelementreferenceexception
Stacktrace:
	chromedriver!GetHandleVerifier [0x7ff71d9ea8e5+14e45]
	chromedriver!GetHandleVerifier [0x7ff71d9ea950+14eb0]
	chromedriver!(No symbol) [0x7ff71d75d6ed]
	chromedriver!(No symbol) [0x7ff71d765671]
	chromedriver!(No symbol) [0x7ff71d768795]
	chromedriver!(No symbol) [0x7ff71d76885f]
	chromedriver!(No symbol) [0x7ff71d7b647e]
	chromedriver!(No symbol) [0x7ff71d7b700c]
	chromedriver!(No symbol) [0x7ff71d7ab0ac]
	chromedriver!(No symbol) [0x7ff71d7aaa46]
	chromedriver!(No symbol) [0x7ff71d80483b]
	chromedriver!(No symbol) [0x7ff71d7a90e8]
	chromedriver!(No symbol) [0x7ff71d7a9fc3]
	chromedriver!GetHandleVerifier [0x7ff71dd00149+32a6a9]
	chromedriver!GetHandleVerifier [0x7ff71dcfa715+324c75]
	chromedriver!GetHandleVerifier [0x7ff71dd1c012+346572]
	chromedriver!GetHandleVerifier [0x7ff71da07cb5+32215]
	chromedriver!GetHandleVerifier [0x7ff71da1087c+3addc]
	chromedriver!GetHandleVerifier [0x7ff71d9f40e4+1e644]
	chromedriver!GetHandleVerifier [0x7ff71d9f4296+1e7f6]
	chromedriver!GetHandleVerifier [0x7ff71d9d8737+2c97]
	KERNEL32!BaseThreadInitThunk [0x7ffded25e8d7+17]
	ntdll!RtlUserThreadStart [0x7ffded80c3fc+2c]

2026-04-28 21:15:30,084 - WARNING - Error producto: Message: stale element reference: stale element not found in the current frame
  (Session info: chrome=147.0.7727.137); For documentation on this error, please visit: https://www.selenium.dev/documentation/webdriver/troubleshooting/errors#staleelementreferenceexception
Stacktrace:
	chromedriver!GetHandleVerifier [0x7ff71d9ea8e5+14e45]
	chromedriver!GetHandleVerifier [0x7ff71d9ea950+14eb0]
	chromedriver!(No symbol) [0x7ff71d75d6ed]
	chromedriver!(No symbol) [0x7ff71d765671]
	chromedriver!(No symbol) [0x7ff71d768795]
	chromedriver!(No symbol) [0x7ff71d76885f]
	chromedriver!(No symbol) [0x7ff71d7b647e]
	chromedriver!(No symbol) [0x7ff71d7b700c]
	chromedriver!(No symbol) [0x7ff71d7ab0ac]
	chromedriver!(No symbol) [0x7ff71d7aaa46]
	chromedriver!(No symbol) [0x7ff71d80483b]
	chromedriver!(No symbol) [0x7ff71d7a90e8]
	chromedriver!(No symbol) [0x7ff71d7a9fc3]
	chromedriver!GetHandleVerifier [0x7ff71dd00149+32a6a9]
	chromedriver!GetHandleVerifier [0x7ff71dcfa715+324c75]
	chromedriver!GetHandleVerifier [0x7ff71dd1c012+346572]
	chromedriver!GetHandleVerifier [0x7ff71da07cb5+32215]
	chromedriver!GetHandleVerifier [0x7ff71da1087c+3addc]
	chromedriver!GetHandleVerifier [0x7ff71d9f40e4+1e644]
	chromedriver!GetHandleVerifier [0x7ff71d9f4296+1e7f6]
	chromedriver!GetHandleVerifier [0x7ff71d9d8737+2c97]
	KERNEL32!BaseThreadInitThunk [0x7ffded25e8d7+17]
	ntdll!RtlUserThreadStart [0x7ffded80c3fc+2c]

2026-04-28 21:15:30,088 - WARNING - Error producto: Message: stale element reference: stale element not found in the current frame
  (Session info: chrome=147.0.7727.137); For documentation on this error, please visit: https://www.selenium.dev/documentation/webdriver/troubleshooting/errors#staleelementreferenceexception
Stacktrace:
	chromedriver!GetHandleVerifier [0x7ff71d9ea8e5+14e45]
	chromedriver!GetHandleVerifier [0x7ff71d9ea950+14eb0]
	chromedriver!(No symbol) [0x7ff71d75d6ed]
	chromedriver!(No symbol) [0x7ff71d765671]
	chromedriver!(No symbol) [0x7ff71d768795]
	chromedriver!(No symbol) [0x7ff71d76885f]
	chromedriver!(No symbol) [0x7ff71d7b647e]
	chromedriver!(No symbol) [0x7ff71d7b700c]
	chromedriver!(No symbol) [0x7ff71d7ab0ac]
	chromedriver!(No symbol) [0x7ff71d7aaa46]
	chromedriver!(No symbol) [0x7ff71d80483b]
	chromedriver!(No symbol) [0x7ff71d7a90e8]
	chromedriver!(No symbol) [0x7ff71d7a9fc3]
	chromedriver!GetHandleVerifier [0x7ff71dd00149+32a6a9]
	chromedriver!GetHandleVerifier [0x7ff71dcfa715+324c75]
	chromedriver!GetHandleVerifier [0x7ff71dd1c012+346572]
	chromedriver!GetHandleVerifier [0x7ff71da07cb5+32215]
	chromedriver!GetHandleVerifier [0x7ff71da1087c+3addc]
	chromedriver!GetHandleVerifier [0x7ff71d9f40e4+1e644]
	chromedriver!GetHandleVerifier [0x7ff71d9f4296+1e7f6]
	chromedriver!GetHandleVerifier [0x7ff71d9d8737+2c97]
	KERNEL32!BaseThreadInitThunk [0x7ffded25e8d7+17]
	ntdll!RtlUserThreadStart [0x7ffded80c3fc+2c]

2026-04-28 21:15:30,092 - WARNING - Error producto: Message: stale element reference: stale element not found in the current frame
  (Session info: chrome=147.0.7727.137); For documentation on this error, please visit: https://www.selenium.dev/documentation/webdriver/troubleshooting/errors#staleelementreferenceexception
Stacktrace:
	chromedriver!GetHandleVerifier [0x7ff71d9ea8e5+14e45]
	chromedriver!GetHandleVerifier [0x7ff71d9ea950+14eb0]
	chromedriver!(No symbol) [0x7ff71d75d6ed]
	chromedriver!(No symbol) [0x7ff71d765671]
	chromedriver!(No symbol) [0x7ff71d768795]
	chromedriver!(No symbol) [0x7ff71d76885f]
	chromedriver!(No symbol) [0x7ff71d7b647e]
	chromedriver!(No symbol) [0x7ff71d7b700c]
	chromedriver!(No symbol) [0x7ff71d7ab0ac]
	chromedriver!(No symbol) [0x7ff71d7aaa46]
	chromedriver!(No symbol) [0x7ff71d80483b]
	chromedriver!(No symbol) [0x7ff71d7a90e8]
	chromedriver!(No symbol) [0x7ff71d7a9fc3]
	chromedriver!GetHandleVerifier [0x7ff71dd00149+32a6a9]
	chromedriver!GetHandleVerifier [0x7ff71dcfa715+324c75]
	chromedriver!GetHandleVerifier [0x7ff71dd1c012+346572]
	chromedriver!GetHandleVerifier [0x7ff71da07cb5+32215]
	chromedriver!GetHandleVerifier [0x7ff71da1087c+3addc]
	chromedriver!GetHandleVerifier [0x7ff71d9f40e4+1e644]
	chromedriver!GetHandleVerifier [0x7ff71d9f4296+1e7f6]
	chromedriver!GetHandleVerifier [0x7ff71d9d8737+2c97]
	KERNEL32!BaseThreadInitThunk [0x7ffded25e8d7+17]
	ntdll!RtlUserThreadStart [0x7ffded80c3fc+2c]

2026-04-28 21:15:30,095 - WARNING - Error producto: Message: stale element reference: stale element not found in the current frame
  (Session info: chrome=147.0.7727.137); For documentation on this error, please visit: https://www.selenium.dev/documentation/webdriver/troubleshooting/errors#staleelementreferenceexception
Stacktrace:
	chromedriver!GetHandleVerifier [0x7ff71d9ea8e5+14e45]
	chromedriver!GetHandleVerifier [0x7ff71d9ea950+14eb0]
	chromedriver!(No symbol) [0x7ff71d75d6ed]
	chromedriver!(No symbol) [0x7ff71d765671]
	chromedriver!(No symbol) [0x7ff71d768795]
	chromedriver!(No symbol) [0x7ff71d76885f]
	chromedriver!(No symbol) [0x7ff71d7b647e]
	chromedriver!(No symbol) [0x7ff71d7b700c]
	chromedriver!(No symbol) [0x7ff71d7ab0ac]
	chromedriver!(No symbol) [0x7ff71d7aaa46]
	chromedriver!(No symbol) [0x7ff71d80483b]
	chromedriver!(No symbol) [0x7ff71d7a90e8]
	chromedriver!(No symbol) [0x7ff71d7a9fc3]
	chromedriver!GetHandleVerifier [0x7ff71dd00149+32a6a9]
	chromedriver!GetHandleVerifier [0x7ff71dcfa715+324c75]
	chromedriver!GetHandleVerifier [0x7ff71dd1c012+346572]
	chromedriver!GetHandleVerifier [0x7ff71da07cb5+32215]
	chromedriver!GetHandleVerifier [0x7ff71da1087c+3addc]
	chromedriver!GetHandleVerifier [0x7ff71d9f40e4+1e644]
	chromedriver!GetHandleVerifier [0x7ff71d9f4296+1e7f6]
	chromedriver!GetHandleVerifier [0x7ff71d9d8737+2c97]
	KERNEL32!BaseThreadInitThunk [0x7ffded25e8d7+17]
	ntdll!RtlUserThreadStart [0x7ffded80c3fc+2c]

2026-04-28 21:15:30,099 - WARNING - Error producto: Message: stale element reference: stale element not found in the current frame
  (Session info: chrome=147.0.7727.137); For documentation on this error, please visit: https://www.selenium.dev/documentation/webdriver/troubleshooting/errors#staleelementreferenceexception
Stacktrace:
	chromedriver!GetHandleVerifier [0x7ff71d9ea8e5+14e45]
	chromedriver!GetHandleVerifier [0x7ff71d9ea950+14eb0]
	chromedriver!(No symbol) [0x7ff71d75d6ed]
	chromedriver!(No symbol) [0x7ff71d765671]
	chromedriver!(No symbol) [0x7ff71d768795]
	chromedriver!(No symbol) [0x7ff71d76885f]
	chromedriver!(No symbol) [0x7ff71d7b647e]
	chromedriver!(No symbol) [0x7ff71d7b700c]
	chromedriver!(No symbol) [0x7ff71d7ab0ac]
	chromedriver!(No symbol) [0x7ff71d7aaa46]
	chromedriver!(No symbol) [0x7ff71d80483b]
	chromedriver!(No symbol) [0x7ff71d7a90e8]
	chromedriver!(No symbol) [0x7ff71d7a9fc3]
	chromedriver!GetHandleVerifier [0x7ff71dd00149+32a6a9]
	chromedriver!GetHandleVerifier [0x7ff71dcfa715+324c75]
	chromedriver!GetHandleVerifier [0x7ff71dd1c012+346572]
	chromedriver!GetHandleVerifier [0x7ff71da07cb5+32215]
	chromedriver!GetHandleVerifier [0x7ff71da1087c+3addc]
	chromedriver!GetHandleVerifier [0x7ff71d9f40e4+1e644]
	chromedriver!GetHandleVerifier [0x7ff71d9f4296+1e7f6]
	chromedriver!GetHandleVerifier [0x7ff71d9d8737+2c97]
	KERNEL32!BaseThreadInitThunk [0x7ffded25e8d7+17]
	ntdll!RtlUserThreadStart [0x7ffded80c3fc+2c]

2026-04-28 21:15:30,103 - WARNING - Error producto: Message: stale element reference: stale element not found in the current frame
  (Session info: chrome=147.0.7727.137); For documentation on this error, please visit: https://www.selenium.dev/documentation/webdriver/troubleshooting/errors#staleelementreferenceexception
Stacktrace:
	chromedriver!GetHandleVerifier [0x7ff71d9ea8e5+14e45]
	chromedriver!GetHandleVerifier [0x7ff71d9ea950+14eb0]
	chromedriver!(No symbol) [0x7ff71d75d6ed]
	chromedriver!(No symbol) [0x7ff71d765671]
	chromedriver!(No symbol) [0x7ff71d768795]
	chromedriver!(No symbol) [0x7ff71d76885f]
	chromedriver!(No symbol) [0x7ff71d7b647e]
	chromedriver!(No symbol) [0x7ff71d7b700c]
	chromedriver!(No symbol) [0x7ff71d7ab0ac]
	chromedriver!(No symbol) [0x7ff71d7aaa46]
	chromedriver!(No symbol) [0x7ff71d80483b]
	chromedriver!(No symbol) [0x7ff71d7a90e8]
	chromedriver!(No symbol) [0x7ff71d7a9fc3]
	chromedriver!GetHandleVerifier [0x7ff71dd00149+32a6a9]
	chromedriver!GetHandleVerifier [0x7ff71dcfa715+324c75]
	chromedriver!GetHandleVerifier [0x7ff71dd1c012+346572]
	chromedriver!GetHandleVerifier [0x7ff71da07cb5+32215]
	chromedriver!GetHandleVerifier [0x7ff71da1087c+3addc]
	chromedriver!GetHandleVerifier [0x7ff71d9f40e4+1e644]
	chromedriver!GetHandleVerifier [0x7ff71d9f4296+1e7f6]
	chromedriver!GetHandleVerifier [0x7ff71d9d8737+2c97]
	KERNEL32!BaseThreadInitThunk [0x7ffded25e8d7+17]
	ntdll!RtlUserThreadStart [0x7ffded80c3fc+2c]

2026-04-28 21:15:30,106 - WARNING - Error producto: Message: stale element reference: stale element not found in the current frame
  (Session info: chrome=147.0.7727.137); For documentation on this error, please visit: https://www.selenium.dev/documentation/webdriver/troubleshooting/errors#staleelementreferenceexception
Stacktrace:
	chromedriver!GetHandleVerifier [0x7ff71d9ea8e5+14e45]
	chromedriver!GetHandleVerifier [0x7ff71d9ea950+14eb0]
	chromedriver!(No symbol) [0x7ff71d75d6ed]
	chromedriver!(No symbol) [0x7ff71d765671]
	chromedriver!(No symbol) [0x7ff71d768795]
	chromedriver!(No symbol) [0x7ff71d76885f]
	chromedriver!(No symbol) [0x7ff71d7b647e]
	chromedriver!(No symbol) [0x7ff71d7b700c]
	chromedriver!(No symbol) [0x7ff71d7ab0ac]
	chromedriver!(No symbol) [0x7ff71d7aaa46]
	chromedriver!(No symbol) [0x7ff71d80483b]
	chromedriver!(No symbol) [0x7ff71d7a90e8]
	chromedriver!(No symbol) [0x7ff71d7a9fc3]
	chromedriver!GetHandleVerifier [0x7ff71dd00149+32a6a9]
	chromedriver!GetHandleVerifier [0x7ff71dcfa715+324c75]
	chromedriver!GetHandleVerifier [0x7ff71dd1c012+346572]
	chromedriver!GetHandleVerifier [0x7ff71da07cb5+32215]
	chromedriver!GetHandleVerifier [0x7ff71da1087c+3addc]
	chromedriver!GetHandleVerifier [0x7ff71d9f40e4+1e644]
	chromedriver!GetHandleVerifier [0x7ff71d9f4296+1e7f6]
	chromedriver!GetHandleVerifier [0x7ff71d9d8737+2c97]
	KERNEL32!BaseThreadInitThunk [0x7ffded25e8d7+17]
	ntdll!RtlUserThreadStart [0x7ffded80c3fc+2c]

2026-04-28 21:15:30,110 - WARNING - Error producto: Message: stale element reference: stale element not found in the current frame
  (Session info: chrome=147.0.7727.137); For documentation on this error, please visit: https://www.selenium.dev/documentation/webdriver/troubleshooting/errors#staleelementreferenceexception
Stacktrace:
	chromedriver!GetHandleVerifier [0x7ff71d9ea8e5+14e45]
	chromedriver!GetHandleVerifier [0x7ff71d9ea950+14eb0]
	chromedriver!(No symbol) [0x7ff71d75d6ed]
	chromedriver!(No symbol) [0x7ff71d765671]
	chromedriver!(No symbol) [0x7ff71d768795]
	chromedriver!(No symbol) [0x7ff71d76885f]
	chromedriver!(No symbol) [0x7ff71d7b647e]
	chromedriver!(No symbol) [0x7ff71d7b700c]
	chromedriver!(No symbol) [0x7ff71d7ab0ac]
	chromedriver!(No symbol) [0x7ff71d7aaa46]
	chromedriver!(No symbol) [0x7ff71d80483b]
	chromedriver!(No symbol) [0x7ff71d7a90e8]
	chromedriver!(No symbol) [0x7ff71d7a9fc3]
	chromedriver!GetHandleVerifier [0x7ff71dd00149+32a6a9]
	chromedriver!GetHandleVerifier [0x7ff71dcfa715+324c75]
	chromedriver!GetHandleVerifier [0x7ff71dd1c012+346572]
	chromedriver!GetHandleVerifier [0x7ff71da07cb5+32215]
	chromedriver!GetHandleVerifier [0x7ff71da1087c+3addc]
	chromedriver!GetHandleVerifier [0x7ff71d9f40e4+1e644]
	chromedriver!GetHandleVerifier [0x7ff71d9f4296+1e7f6]
	chromedriver!GetHandleVerifier [0x7ff71d9d8737+2c97]
	KERNEL32!BaseThreadInitThunk [0x7ffded25e8d7+17]
	ntdll!RtlUserThreadStart [0x7ffded80c3fc+2c]

2026-04-28 21:15:30,113 - WARNING - Error producto: Message: stale element reference: stale element not found in the current frame
  (Session info: chrome=147.0.7727.137); For documentation on this error, please visit: https://www.selenium.dev/documentation/webdriver/troubleshooting/errors#staleelementreferenceexception
Stacktrace:
	chromedriver!GetHandleVerifier [0x7ff71d9ea8e5+14e45]
	chromedriver!GetHandleVerifier [0x7ff71d9ea950+14eb0]
	chromedriver!(No symbol) [0x7ff71d75d6ed]
	chromedriver!(No symbol) [0x7ff71d765671]
	chromedriver!(No symbol) [0x7ff71d768795]
	chromedriver!(No symbol) [0x7ff71d76885f]
	chromedriver!(No symbol) [0x7ff71d7b647e]
	chromedriver!(No symbol) [0x7ff71d7b700c]
	chromedriver!(No symbol) [0x7ff71d7ab0ac]
	chromedriver!(No symbol) [0x7ff71d7aaa46]
	chromedriver!(No symbol) [0x7ff71d80483b]
	chromedriver!(No symbol) [0x7ff71d7a90e8]
	chromedriver!(No symbol) [0x7ff71d7a9fc3]
	chromedriver!GetHandleVerifier [0x7ff71dd00149+32a6a9]
	chromedriver!GetHandleVerifier [0x7ff71dcfa715+324c75]
	chromedriver!GetHandleVerifier [0x7ff71dd1c012+346572]
	chromedriver!GetHandleVerifier [0x7ff71da07cb5+32215]
	chromedriver!GetHandleVerifier [0x7ff71da1087c+3addc]
	chromedriver!GetHandleVerifier [0x7ff71d9f40e4+1e644]
	chromedriver!GetHandleVerifier [0x7ff71d9f4296+1e7f6]
	chromedriver!GetHandleVerifier [0x7ff71d9d8737+2c97]
	KERNEL32!BaseThreadInitThunk [0x7ffded25e8d7+17]
	ntdll!RtlUserThreadStart [0x7ffded80c3fc+2c]

2026-04-28 21:15:30,117 - WARNING - Error producto: Message: stale element reference: stale element not found in the current frame
  (Session info: chrome=147.0.7727.137); For documentation on this error, please visit: https://www.selenium.dev/documentation/webdriver/troubleshooting/errors#staleelementreferenceexception
Stacktrace:
	chromedriver!GetHandleVerifier [0x7ff71d9ea8e5+14e45]
	chromedriver!GetHandleVerifier [0x7ff71d9ea950+14eb0]
	chromedriver!(No symbol) [0x7ff71d75d6ed]
	chromedriver!(No symbol) [0x7ff71d765671]
	chromedriver!(No symbol) [0x7ff71d768795]
	chromedriver!(No symbol) [0x7ff71d76885f]
	chromedriver!(No symbol) [0x7ff71d7b647e]
	chromedriver!(No symbol) [0x7ff71d7b700c]
	chromedriver!(No symbol) [0x7ff71d7ab0ac]
	chromedriver!(No symbol) [0x7ff71d7aaa46]
	chromedriver!(No symbol) [0x7ff71d80483b]
	chromedriver!(No symbol) [0x7ff71d7a90e8]
	chromedriver!(No symbol) [0x7ff71d7a9fc3]
	chromedriver!GetHandleVerifier [0x7ff71dd00149+32a6a9]
	chromedriver!GetHandleVerifier [0x7ff71dcfa715+324c75]
	chromedriver!GetHandleVerifier [0x7ff71dd1c012+346572]
	chromedriver!GetHandleVerifier [0x7ff71da07cb5+32215]
	chromedriver!GetHandleVerifier [0x7ff71da1087c+3addc]
	chromedriver!GetHandleVerifier [0x7ff71d9f40e4+1e644]
	chromedriver!GetHandleVerifier [0x7ff71d9f4296+1e7f6]
	chromedriver!GetHandleVerifier [0x7ff71d9d8737+2c97]
	KERNEL32!BaseThreadInitThunk [0x7ffded25e8d7+17]
	ntdll!RtlUserThreadStart [0x7ffded80c3fc+2c]

2026-04-28 21:15:30,121 - WARNING - Error producto: Message: stale element reference: stale element not found in the current frame
  (Session info: chrome=147.0.7727.137); For documentation on this error, please visit: https://www.selenium.dev/documentation/webdriver/troubleshooting/errors#staleelementreferenceexception
Stacktrace:
	chromedriver!GetHandleVerifier [0x7ff71d9ea8e5+14e45]
	chromedriver!GetHandleVerifier [0x7ff71d9ea950+14eb0]
	chromedriver!(No symbol) [0x7ff71d75d6ed]
	chromedriver!(No symbol) [0x7ff71d765671]
	chromedriver!(No symbol) [0x7ff71d768795]
	chromedriver!(No symbol) [0x7ff71d76885f]
	chromedriver!(No symbol) [0x7ff71d7b647e]
	chromedriver!(No symbol) [0x7ff71d7b700c]
	chromedriver!(No symbol) [0x7ff71d7ab0ac]
	chromedriver!(No symbol) [0x7ff71d7aaa46]
	chromedriver!(No symbol) [0x7ff71d80483b]
	chromedriver!(No symbol) [0x7ff71d7a90e8]
	chromedriver!(No symbol) [0x7ff71d7a9fc3]
	chromedriver!GetHandleVerifier [0x7ff71dd00149+32a6a9]
	chromedriver!GetHandleVerifier [0x7ff71dcfa715+324c75]
	chromedriver!GetHandleVerifier [0x7ff71dd1c012+346572]
	chromedriver!GetHandleVerifier [0x7ff71da07cb5+32215]
	chromedriver!GetHandleVerifier [0x7ff71da1087c+3addc]
	chromedriver!GetHandleVerifier [0x7ff71d9f40e4+1e644]
	chromedriver!GetHandleVerifier [0x7ff71d9f4296+1e7f6]
	chromedriver!GetHandleVerifier [0x7ff71d9d8737+2c97]
	KERNEL32!BaseThreadInitThunk [0x7ffded25e8d7+17]
	ntdll!RtlUserThreadStart [0x7ffded80c3fc+2c]

2026-04-28 21:15:30,125 - WARNING - Error producto: Message: stale element reference: stale element not found in the current frame
  (Session info: chrome=147.0.7727.137); For documentation on this error, please visit: https://www.selenium.dev/documentation/webdriver/troubleshooting/errors#staleelementreferenceexception
Stacktrace:
	chromedriver!GetHandleVerifier [0x7ff71d9ea8e5+14e45]
	chromedriver!GetHandleVerifier [0x7ff71d9ea950+14eb0]
	chromedriver!(No symbol) [0x7ff71d75d6ed]
	chromedriver!(No symbol) [0x7ff71d765671]
	chromedriver!(No symbol) [0x7ff71d768795]
	chromedriver!(No symbol) [0x7ff71d76885f]
	chromedriver!(No symbol) [0x7ff71d7b647e]
	chromedriver!(No symbol) [0x7ff71d7b700c]
	chromedriver!(No symbol) [0x7ff71d7ab0ac]
	chromedriver!(No symbol) [0x7ff71d7aaa46]
	chromedriver!(No symbol) [0x7ff71d80483b]
	chromedriver!(No symbol) [0x7ff71d7a90e8]
	chromedriver!(No symbol) [0x7ff71d7a9fc3]
	chromedriver!GetHandleVerifier [0x7ff71dd00149+32a6a9]
	chromedriver!GetHandleVerifier [0x7ff71dcfa715+324c75]
	chromedriver!GetHandleVerifier [0x7ff71dd1c012+346572]
	chromedriver!GetHandleVerifier [0x7ff71da07cb5+32215]
	chromedriver!GetHandleVerifier [0x7ff71da1087c+3addc]
	chromedriver!GetHandleVerifier [0x7ff71d9f40e4+1e644]
	chromedriver!GetHandleVerifier [0x7ff71d9f4296+1e7f6]
	chromedriver!GetHandleVerifier [0x7ff71d9d8737+2c97]
	KERNEL32!BaseThreadInitThunk [0x7ffded25e8d7+17]
	ntdll!RtlUserThreadStart [0x7ffded80c3fc+2c]

2026-04-28 21:15:30,128 - WARNING - Error producto: Message: stale element reference: stale element not found in the current frame
  (Session info: chrome=147.0.7727.137); For documentation on this error, please visit: https://www.selenium.dev/documentation/webdriver/troubleshooting/errors#staleelementreferenceexception
Stacktrace:
	chromedriver!GetHandleVerifier [0x7ff71d9ea8e5+14e45]
	chromedriver!GetHandleVerifier [0x7ff71d9ea950+14eb0]
	chromedriver!(No symbol) [0x7ff71d75d6ed]
	chromedriver!(No symbol) [0x7ff71d765671]
	chromedriver!(No symbol) [0x7ff71d768795]
	chromedriver!(No symbol) [0x7ff71d76885f]
	chromedriver!(No symbol) [0x7ff71d7b647e]
	chromedriver!(No symbol) [0x7ff71d7b700c]
	chromedriver!(No symbol) [0x7ff71d7ab0ac]
	chromedriver!(No symbol) [0x7ff71d7aaa46]
	chromedriver!(No symbol) [0x7ff71d80483b]
	chromedriver!(No symbol) [0x7ff71d7a90e8]
	chromedriver!(No symbol) [0x7ff71d7a9fc3]
	chromedriver!GetHandleVerifier [0x7ff71dd00149+32a6a9]
	chromedriver!GetHandleVerifier [0x7ff71dcfa715+324c75]
	chromedriver!GetHandleVerifier [0x7ff71dd1c012+346572]
	chromedriver!GetHandleVerifier [0x7ff71da07cb5+32215]
	chromedriver!GetHandleVerifier [0x7ff71da1087c+3addc]
	chromedriver!GetHandleVerifier [0x7ff71d9f40e4+1e644]
	chromedriver!GetHandleVerifier [0x7ff71d9f4296+1e7f6]
	chromedriver!GetHandleVerifier [0x7ff71d9d8737+2c97]
	KERNEL32!BaseThreadInitThunk [0x7ffded25e8d7+17]
	ntdll!RtlUserThreadStart [0x7ffded80c3fc+2c]

2026-04-28 21:15:30,132 - WARNING - Error producto: Message: stale element reference: stale element not found in the current frame
  (Session info: chrome=147.0.7727.137); For documentation on this error, please visit: https://www.selenium.dev/documentation/webdriver/troubleshooting/errors#staleelementreferenceexception
Stacktrace:
	chromedriver!GetHandleVerifier [0x7ff71d9ea8e5+14e45]
	chromedriver!GetHandleVerifier [0x7ff71d9ea950+14eb0]
	chromedriver!(No symbol) [0x7ff71d75d6ed]
	chromedriver!(No symbol) [0x7ff71d765671]
	chromedriver!(No symbol) [0x7ff71d768795]
	chromedriver!(No symbol) [0x7ff71d76885f]
	chromedriver!(No symbol) [0x7ff71d7b647e]
	chromedriver!(No symbol) [0x7ff71d7b700c]
	chromedriver!(No symbol) [0x7ff71d7ab0ac]
	chromedriver!(No symbol) [0x7ff71d7aaa46]
	chromedriver!(No symbol) [0x7ff71d80483b]
	chromedriver!(No symbol) [0x7ff71d7a90e8]
	chromedriver!(No symbol) [0x7ff71d7a9fc3]
	chromedriver!GetHandleVerifier [0x7ff71dd00149+32a6a9]
	chromedriver!GetHandleVerifier [0x7ff71dcfa715+324c75]
	chromedriver!GetHandleVerifier [0x7ff71dd1c012+346572]
	chromedriver!GetHandleVerifier [0x7ff71da07cb5+32215]
	chromedriver!GetHandleVerifier [0x7ff71da1087c+3addc]
	chromedriver!GetHandleVerifier [0x7ff71d9f40e4+1e644]
	chromedriver!GetHandleVerifier [0x7ff71d9f4296+1e7f6]
	chromedriver!GetHandleVerifier [0x7ff71d9d8737+2c97]
	KERNEL32!BaseThreadInitThunk [0x7ffded25e8d7+17]
	ntdll!RtlUserThreadStart [0x7ffded80c3fc+2c]

2026-04-28 21:15:30,135 - WARNING - Error producto: Message: stale element reference: stale element not found in the current frame
  (Session info: chrome=147.0.7727.137); For documentation on this error, please visit: https://www.selenium.dev/documentation/webdriver/troubleshooting/errors#staleelementreferenceexception
Stacktrace:
	chromedriver!GetHandleVerifier [0x7ff71d9ea8e5+14e45]
	chromedriver!GetHandleVerifier [0x7ff71d9ea950+14eb0]
	chromedriver!(No symbol) [0x7ff71d75d6ed]
	chromedriver!(No symbol) [0x7ff71d765671]
	chromedriver!(No symbol) [0x7ff71d768795]
	chromedriver!(No symbol) [0x7ff71d76885f]
	chromedriver!(No symbol) [0x7ff71d7b647e]
	chromedriver!(No symbol) [0x7ff71d7b700c]
	chromedriver!(No symbol) [0x7ff71d7ab0ac]
	chromedriver!(No symbol) [0x7ff71d7aaa46]
	chromedriver!(No symbol) [0x7ff71d80483b]
	chromedriver!(No symbol) [0x7ff71d7a90e8]
	chromedriver!(No symbol) [0x7ff71d7a9fc3]
	chromedriver!GetHandleVerifier [0x7ff71dd00149+32a6a9]
	chromedriver!GetHandleVerifier [0x7ff71dcfa715+324c75]
	chromedriver!GetHandleVerifier [0x7ff71dd1c012+346572]
	chromedriver!GetHandleVerifier [0x7ff71da07cb5+32215]
	chromedriver!GetHandleVerifier [0x7ff71da1087c+3addc]
	chromedriver!GetHandleVerifier [0x7ff71d9f40e4+1e644]
	chromedriver!GetHandleVerifier [0x7ff71d9f4296+1e7f6]
	chromedriver!GetHandleVerifier [0x7ff71d9d8737+2c97]
	KERNEL32!BaseThreadInitThunk [0x7ffded25e8d7+17]
	ntdll!RtlUserThreadStart [0x7ffded80c3fc+2c]

2026-04-28 21:15:30,139 - WARNING - Error producto: Message: stale element reference: stale element not found in the current frame
  (Session info: chrome=147.0.7727.137); For documentation on this error, please visit: https://www.selenium.dev/documentation/webdriver/troubleshooting/errors#staleelementreferenceexception
Stacktrace:
	chromedriver!GetHandleVerifier [0x7ff71d9ea8e5+14e45]
	chromedriver!GetHandleVerifier [0x7ff71d9ea950+14eb0]
	chromedriver!(No symbol) [0x7ff71d75d6ed]
	chromedriver!(No symbol) [0x7ff71d765671]
	chromedriver!(No symbol) [0x7ff71d768795]
	chromedriver!(No symbol) [0x7ff71d76885f]
	chromedriver!(No symbol) [0x7ff71d7b647e]
	chromedriver!(No symbol) [0x7ff71d7b700c]
	chromedriver!(No symbol) [0x7ff71d7ab0ac]
	chromedriver!(No symbol) [0x7ff71d7aaa46]
	chromedriver!(No symbol) [0x7ff71d80483b]
	chromedriver!(No symbol) [0x7ff71d7a90e8]
	chromedriver!(No symbol) [0x7ff71d7a9fc3]
	chromedriver!GetHandleVerifier [0x7ff71dd00149+32a6a9]
	chromedriver!GetHandleVerifier [0x7ff71dcfa715+324c75]
	chromedriver!GetHandleVerifier [0x7ff71dd1c012+346572]
	chromedriver!GetHandleVerifier [0x7ff71da07cb5+32215]
	chromedriver!GetHandleVerifier [0x7ff71da1087c+3addc]
	chromedriver!GetHandleVerifier [0x7ff71d9f40e4+1e644]
	chromedriver!GetHandleVerifier [0x7ff71d9f4296+1e7f6]
	chromedriver!GetHandleVerifier [0x7ff71d9d8737+2c97]
	KERNEL32!BaseThreadInitThunk [0x7ffded25e8d7+17]
	ntdll!RtlUserThreadStart [0x7ffded80c3fc+2c]

2026-04-28 21:15:30,143 - WARNING - Error producto: Message: stale element reference: stale element not found in the current frame
  (Session info: chrome=147.0.7727.137); For documentation on this error, please visit: https://www.selenium.dev/documentation/webdriver/troubleshooting/errors#staleelementreferenceexception
Stacktrace:
	chromedriver!GetHandleVerifier [0x7ff71d9ea8e5+14e45]
	chromedriver!GetHandleVerifier [0x7ff71d9ea950+14eb0]
	chromedriver!(No symbol) [0x7ff71d75d6ed]
	chromedriver!(No symbol) [0x7ff71d765671]
	chromedriver!(No symbol) [0x7ff71d768795]
	chromedriver!(No symbol) [0x7ff71d76885f]
	chromedriver!(No symbol) [0x7ff71d7b647e]
	chromedriver!(No symbol) [0x7ff71d7b700c]
	chromedriver!(No symbol) [0x7ff71d7ab0ac]
	chromedriver!(No symbol) [0x7ff71d7aaa46]
	chromedriver!(No symbol) [0x7ff71d80483b]
	chromedriver!(No symbol) [0x7ff71d7a90e8]
	chromedriver!(No symbol) [0x7ff71d7a9fc3]
	chromedriver!GetHandleVerifier [0x7ff71dd00149+32a6a9]
	chromedriver!GetHandleVerifier [0x7ff71dcfa715+324c75]
	chromedriver!GetHandleVerifier [0x7ff71dd1c012+346572]
	chromedriver!GetHandleVerifier [0x7ff71da07cb5+32215]
	chromedriver!GetHandleVerifier [0x7ff71da1087c+3addc]
	chromedriver!GetHandleVerifier [0x7ff71d9f40e4+1e644]
	chromedriver!GetHandleVerifier [0x7ff71d9f4296+1e7f6]
	chromedriver!GetHandleVerifier [0x7ff71d9d8737+2c97]
	KERNEL32!BaseThreadInitThunk [0x7ffded25e8d7+17]
	ntdll!RtlUserThreadStart [0x7ffded80c3fc+2c]

2026-04-28 21:15:30,146 - WARNING - Error producto: Message: stale element reference: stale element not found in the current frame
  (Session info: chrome=147.0.7727.137); For documentation on this error, please visit: https://www.selenium.dev/documentation/webdriver/troubleshooting/errors#staleelementreferenceexception
Stacktrace:
	chromedriver!GetHandleVerifier [0x7ff71d9ea8e5+14e45]
	chromedriver!GetHandleVerifier [0x7ff71d9ea950+14eb0]
	chromedriver!(No symbol) [0x7ff71d75d6ed]
	chromedriver!(No symbol) [0x7ff71d765671]
	chromedriver!(No symbol) [0x7ff71d768795]
	chromedriver!(No symbol) [0x7ff71d76885f]
	chromedriver!(No symbol) [0x7ff71d7b647e]
	chromedriver!(No symbol) [0x7ff71d7b700c]
	chromedriver!(No symbol) [0x7ff71d7ab0ac]
	chromedriver!(No symbol) [0x7ff71d7aaa46]
	chromedriver!(No symbol) [0x7ff71d80483b]
	chromedriver!(No symbol) [0x7ff71d7a90e8]
	chromedriver!(No symbol) [0x7ff71d7a9fc3]
	chromedriver!GetHandleVerifier [0x7ff71dd00149+32a6a9]
	chromedriver!GetHandleVerifier [0x7ff71dcfa715+324c75]
	chromedriver!GetHandleVerifier [0x7ff71dd1c012+346572]
	chromedriver!GetHandleVerifier [0x7ff71da07cb5+32215]
	chromedriver!GetHandleVerifier [0x7ff71da1087c+3addc]
	chromedriver!GetHandleVerifier [0x7ff71d9f40e4+1e644]
	chromedriver!GetHandleVerifier [0x7ff71d9f4296+1e7f6]
	chromedriver!GetHandleVerifier [0x7ff71d9d8737+2c97]
	KERNEL32!BaseThreadInitThunk [0x7ffded25e8d7+17]
	ntdll!RtlUserThreadStart [0x7ffded80c3fc+2c]

2026-04-28 21:15:30,149 - WARNING - Error producto: Message: stale element reference: stale element not found in the current frame
  (Session info: chrome=147.0.7727.137); For documentation on this error, please visit: https://www.selenium.dev/documentation/webdriver/troubleshooting/errors#staleelementreferenceexception
Stacktrace:
	chromedriver!GetHandleVerifier [0x7ff71d9ea8e5+14e45]
	chromedriver!GetHandleVerifier [0x7ff71d9ea950+14eb0]
	chromedriver!(No symbol) [0x7ff71d75d6ed]
	chromedriver!(No symbol) [0x7ff71d765671]
	chromedriver!(No symbol) [0x7ff71d768795]
	chromedriver!(No symbol) [0x7ff71d76885f]
	chromedriver!(No symbol) [0x7ff71d7b647e]
	chromedriver!(No symbol) [0x7ff71d7b700c]
	chromedriver!(No symbol) [0x7ff71d7ab0ac]
	chromedriver!(No symbol) [0x7ff71d7aaa46]
	chromedriver!(No symbol) [0x7ff71d80483b]
	chromedriver!(No symbol) [0x7ff71d7a90e8]
	chromedriver!(No symbol) [0x7ff71d7a9fc3]
	chromedriver!GetHandleVerifier [0x7ff71dd00149+32a6a9]
	chromedriver!GetHandleVerifier [0x7ff71dcfa715+324c75]
	chromedriver!GetHandleVerifier [0x7ff71dd1c012+346572]
	chromedriver!GetHandleVerifier [0x7ff71da07cb5+32215]
	chromedriver!GetHandleVerifier [0x7ff71da1087c+3addc]
	chromedriver!GetHandleVerifier [0x7ff71d9f40e4+1e644]
	chromedriver!GetHandleVerifier [0x7ff71d9f4296+1e7f6]
	chromedriver!GetHandleVerifier [0x7ff71d9d8737+2c97]
	KERNEL32!BaseThreadInitThunk [0x7ffded25e8d7+17]
	ntdll!RtlUserThreadStart [0x7ffded80c3fc+2c]

2026-04-28 21:15:30,153 - WARNING - Error producto: Message: stale element reference: stale element not found in the current frame
  (Session info: chrome=147.0.7727.137); For documentation on this error, please visit: https://www.selenium.dev/documentation/webdriver/troubleshooting/errors#staleelementreferenceexception
Stacktrace:
	chromedriver!GetHandleVerifier [0x7ff71d9ea8e5+14e45]
	chromedriver!GetHandleVerifier [0x7ff71d9ea950+14eb0]
	chromedriver!(No symbol) [0x7ff71d75d6ed]
	chromedriver!(No symbol) [0x7ff71d765671]
	chromedriver!(No symbol) [0x7ff71d768795]
	chromedriver!(No symbol) [0x7ff71d76885f]
	chromedriver!(No symbol) [0x7ff71d7b647e]
	chromedriver!(No symbol) [0x7ff71d7b700c]
	chromedriver!(No symbol) [0x7ff71d7ab0ac]
	chromedriver!(No symbol) [0x7ff71d7aaa46]
	chromedriver!(No symbol) [0x7ff71d80483b]
	chromedriver!(No symbol) [0x7ff71d7a90e8]
	chromedriver!(No symbol) [0x7ff71d7a9fc3]
	chromedriver!GetHandleVerifier [0x7ff71dd00149+32a6a9]
	chromedriver!GetHandleVerifier [0x7ff71dcfa715+324c75]
	chromedriver!GetHandleVerifier [0x7ff71dd1c012+346572]
	chromedriver!GetHandleVerifier [0x7ff71da07cb5+32215]
	chromedriver!GetHandleVerifier [0x7ff71da1087c+3addc]
	chromedriver!GetHandleVerifier [0x7ff71d9f40e4+1e644]
	chromedriver!GetHandleVerifier [0x7ff71d9f4296+1e7f6]
	chromedriver!GetHandleVerifier [0x7ff71d9d8737+2c97]
	KERNEL32!BaseThreadInitThunk [0x7ffded25e8d7+17]
	ntdll!RtlUserThreadStart [0x7ffded80c3fc+2c]

2026-04-28 21:15:30,157 - WARNING - Error producto: Message: stale element reference: stale element not found in the current frame
  (Session info: chrome=147.0.7727.137); For documentation on this error, please visit: https://www.selenium.dev/documentation/webdriver/troubleshooting/errors#staleelementreferenceexception
Stacktrace:
	chromedriver!GetHandleVerifier [0x7ff71d9ea8e5+14e45]
	chromedriver!GetHandleVerifier [0x7ff71d9ea950+14eb0]
	chromedriver!(No symbol) [0x7ff71d75d6ed]
	chromedriver!(No symbol) [0x7ff71d765671]
	chromedriver!(No symbol) [0x7ff71d768795]
	chromedriver!(No symbol) [0x7ff71d76885f]
	chromedriver!(No symbol) [0x7ff71d7b647e]
	chromedriver!(No symbol) [0x7ff71d7b700c]
	chromedriver!(No symbol) [0x7ff71d7ab0ac]
	chromedriver!(No symbol) [0x7ff71d7aaa46]
	chromedriver!(No symbol) [0x7ff71d80483b]
	chromedriver!(No symbol) [0x7ff71d7a90e8]
	chromedriver!(No symbol) [0x7ff71d7a9fc3]
	chromedriver!GetHandleVerifier [0x7ff71dd00149+32a6a9]
	chromedriver!GetHandleVerifier [0x7ff71dcfa715+324c75]
	chromedriver!GetHandleVerifier [0x7ff71dd1c012+346572]
	chromedriver!GetHandleVerifier [0x7ff71da07cb5+32215]
	chromedriver!GetHandleVerifier [0x7ff71da1087c+3addc]
	chromedriver!GetHandleVerifier [0x7ff71d9f40e4+1e644]
	chromedriver!GetHandleVerifier [0x7ff71d9f4296+1e7f6]
	chromedriver!GetHandleVerifier [0x7ff71d9d8737+2c97]
	KERNEL32!BaseThreadInitThunk [0x7ffded25e8d7+17]
	ntdll!RtlUserThreadStart [0x7ffded80c3fc+2c]

2026-04-28 21:15:30,160 - WARNING - Error producto: Message: stale element reference: stale element not found in the current frame
  (Session info: chrome=147.0.7727.137); For documentation on this error, please visit: https://www.selenium.dev/documentation/webdriver/troubleshooting/errors#staleelementreferenceexception
Stacktrace:
	chromedriver!GetHandleVerifier [0x7ff71d9ea8e5+14e45]
	chromedriver!GetHandleVerifier [0x7ff71d9ea950+14eb0]
	chromedriver!(No symbol) [0x7ff71d75d6ed]
	chromedriver!(No symbol) [0x7ff71d765671]
	chromedriver!(No symbol) [0x7ff71d768795]
	chromedriver!(No symbol) [0x7ff71d76885f]
	chromedriver!(No symbol) [0x7ff71d7b647e]
	chromedriver!(No symbol) [0x7ff71d7b700c]
	chromedriver!(No symbol) [0x7ff71d7ab0ac]
	chromedriver!(No symbol) [0x7ff71d7aaa46]
	chromedriver!(No symbol) [0x7ff71d80483b]
	chromedriver!(No symbol) [0x7ff71d7a90e8]
	chromedriver!(No symbol) [0x7ff71d7a9fc3]
	chromedriver!GetHandleVerifier [0x7ff71dd00149+32a6a9]
	chromedriver!GetHandleVerifier [0x7ff71dcfa715+324c75]
	chromedriver!GetHandleVerifier [0x7ff71dd1c012+346572]
	chromedriver!GetHandleVerifier [0x7ff71da07cb5+32215]
	chromedriver!GetHandleVerifier [0x7ff71da1087c+3addc]
	chromedriver!GetHandleVerifier [0x7ff71d9f40e4+1e644]
	chromedriver!GetHandleVerifier [0x7ff71d9f4296+1e7f6]
	chromedriver!GetHandleVerifier [0x7ff71d9d8737+2c97]
	KERNEL32!BaseThreadInitThunk [0x7ffded25e8d7+17]
	ntdll!RtlUserThreadStart [0x7ffded80c3fc+2c]

2026-04-28 21:15:30,164 - WARNING - Error producto: Message: stale element reference: stale element not found in the current frame
  (Session info: chrome=147.0.7727.137); For documentation on this error, please visit: https://www.selenium.dev/documentation/webdriver/troubleshooting/errors#staleelementreferenceexception
Stacktrace:
	chromedriver!GetHandleVerifier [0x7ff71d9ea8e5+14e45]
	chromedriver!GetHandleVerifier [0x7ff71d9ea950+14eb0]
	chromedriver!(No symbol) [0x7ff71d75d6ed]
	chromedriver!(No symbol) [0x7ff71d765671]
	chromedriver!(No symbol) [0x7ff71d768795]
	chromedriver!(No symbol) [0x7ff71d76885f]
	chromedriver!(No symbol) [0x7ff71d7b647e]
	chromedriver!(No symbol) [0x7ff71d7b700c]
	chromedriver!(No symbol) [0x7ff71d7ab0ac]
	chromedriver!(No symbol) [0x7ff71d7aaa46]
	chromedriver!(No symbol) [0x7ff71d80483b]
	chromedriver!(No symbol) [0x7ff71d7a90e8]
	chromedriver!(No symbol) [0x7ff71d7a9fc3]
	chromedriver!GetHandleVerifier [0x7ff71dd00149+32a6a9]
	chromedriver!GetHandleVerifier [0x7ff71dcfa715+324c75]
	chromedriver!GetHandleVerifier [0x7ff71dd1c012+346572]
	chromedriver!GetHandleVerifier [0x7ff71da07cb5+32215]
	chromedriver!GetHandleVerifier [0x7ff71da1087c+3addc]
	chromedriver!GetHandleVerifier [0x7ff71d9f40e4+1e644]
	chromedriver!GetHandleVerifier [0x7ff71d9f4296+1e7f6]
	chromedriver!GetHandleVerifier [0x7ff71d9d8737+2c97]
	KERNEL32!BaseThreadInitThunk [0x7ffded25e8d7+17]
	ntdll!RtlUserThreadStart [0x7ffded80c3fc+2c]

2026-04-28 21:15:30,167 - WARNING - Error producto: Message: stale element reference: stale element not found in the current frame
  (Session info: chrome=147.0.7727.137); For documentation on this error, please visit: https://www.selenium.dev/documentation/webdriver/troubleshooting/errors#staleelementreferenceexception
Stacktrace:
	chromedriver!GetHandleVerifier [0x7ff71d9ea8e5+14e45]
	chromedriver!GetHandleVerifier [0x7ff71d9ea950+14eb0]
	chromedriver!(No symbol) [0x7ff71d75d6ed]
	chromedriver!(No symbol) [0x7ff71d765671]
	chromedriver!(No symbol) [0x7ff71d768795]
	chromedriver!(No symbol) [0x7ff71d76885f]
	chromedriver!(No symbol) [0x7ff71d7b647e]
	chromedriver!(No symbol) [0x7ff71d7b700c]
	chromedriver!(No symbol) [0x7ff71d7ab0ac]
	chromedriver!(No symbol) [0x7ff71d7aaa46]
	chromedriver!(No symbol) [0x7ff71d80483b]
	chromedriver!(No symbol) [0x7ff71d7a90e8]
	chromedriver!(No symbol) [0x7ff71d7a9fc3]
	chromedriver!GetHandleVerifier [0x7ff71dd00149+32a6a9]
	chromedriver!GetHandleVerifier [0x7ff71dcfa715+324c75]
	chromedriver!GetHandleVerifier [0x7ff71dd1c012+346572]
	chromedriver!GetHandleVerifier [0x7ff71da07cb5+32215]
	chromedriver!GetHandleVerifier [0x7ff71da1087c+3addc]
	chromedriver!GetHandleVerifier [0x7ff71d9f40e4+1e644]
	chromedriver!GetHandleVerifier [0x7ff71d9f4296+1e7f6]
	chromedriver!GetHandleVerifier [0x7ff71d9d8737+2c97]
	KERNEL32!BaseThreadInitThunk [0x7ffded25e8d7+17]
	ntdll!RtlUserThreadStart [0x7ffded80c3fc+2c]

2026-04-28 21:15:30,171 - WARNING - Error producto: Message: stale element reference: stale element not found in the current frame
  (Session info: chrome=147.0.7727.137); For documentation on this error, please visit: https://www.selenium.dev/documentation/webdriver/troubleshooting/errors#staleelementreferenceexception
Stacktrace:
	chromedriver!GetHandleVerifier [0x7ff71d9ea8e5+14e45]
	chromedriver!GetHandleVerifier [0x7ff71d9ea950+14eb0]
	chromedriver!(No symbol) [0x7ff71d75d6ed]
	chromedriver!(No symbol) [0x7ff71d765671]
	chromedriver!(No symbol) [0x7ff71d768795]
	chromedriver!(No symbol) [0x7ff71d76885f]
	chromedriver!(No symbol) [0x7ff71d7b647e]
	chromedriver!(No symbol) [0x7ff71d7b700c]
	chromedriver!(No symbol) [0x7ff71d7ab0ac]
	chromedriver!(No symbol) [0x7ff71d7aaa46]
	chromedriver!(No symbol) [0x7ff71d80483b]
	chromedriver!(No symbol) [0x7ff71d7a90e8]
	chromedriver!(No symbol) [0x7ff71d7a9fc3]
	chromedriver!GetHandleVerifier [0x7ff71dd00149+32a6a9]
	chromedriver!GetHandleVerifier [0x7ff71dcfa715+324c75]
	chromedriver!GetHandleVerifier [0x7ff71dd1c012+346572]
	chromedriver!GetHandleVerifier [0x7ff71da07cb5+32215]
	chromedriver!GetHandleVerifier [0x7ff71da1087c+3addc]
	chromedriver!GetHandleVerifier [0x7ff71d9f40e4+1e644]
	chromedriver!GetHandleVerifier [0x7ff71d9f4296+1e7f6]
	chromedriver!GetHandleVerifier [0x7ff71d9d8737+2c97]
	KERNEL32!BaseThreadInitThunk [0x7ffded25e8d7+17]
	ntdll!RtlUserThreadStart [0x7ffded80c3fc+2c]

2026-04-28 21:15:30,175 - WARNING - Error producto: Message: stale element reference: stale element not found in the current frame
  (Session info: chrome=147.0.7727.137); For documentation on this error, please visit: https://www.selenium.dev/documentation/webdriver/troubleshooting/errors#staleelementreferenceexception
Stacktrace:
	chromedriver!GetHandleVerifier [0x7ff71d9ea8e5+14e45]
	chromedriver!GetHandleVerifier [0x7ff71d9ea950+14eb0]
	chromedriver!(No symbol) [0x7ff71d75d6ed]
	chromedriver!(No symbol) [0x7ff71d765671]
	chromedriver!(No symbol) [0x7ff71d768795]
	chromedriver!(No symbol) [0x7ff71d76885f]
	chromedriver!(No symbol) [0x7ff71d7b647e]
	chromedriver!(No symbol) [0x7ff71d7b700c]
	chromedriver!(No symbol) [0x7ff71d7ab0ac]
	chromedriver!(No symbol) [0x7ff71d7aaa46]
	chromedriver!(No symbol) [0x7ff71d80483b]
	chromedriver!(No symbol) [0x7ff71d7a90e8]
	chromedriver!(No symbol) [0x7ff71d7a9fc3]
	chromedriver!GetHandleVerifier [0x7ff71dd00149+32a6a9]
	chromedriver!GetHandleVerifier [0x7ff71dcfa715+324c75]
	chromedriver!GetHandleVerifier [0x7ff71dd1c012+346572]
	chromedriver!GetHandleVerifier [0x7ff71da07cb5+32215]
	chromedriver!GetHandleVerifier [0x7ff71da1087c+3addc]
	chromedriver!GetHandleVerifier [0x7ff71d9f40e4+1e644]
	chromedriver!GetHandleVerifier [0x7ff71d9f4296+1e7f6]
	chromedriver!GetHandleVerifier [0x7ff71d9d8737+2c97]
	KERNEL32!BaseThreadInitThunk [0x7ffded25e8d7+17]
	ntdll!RtlUserThreadStart [0x7ffded80c3fc+2c]

2026-04-28 21:15:30,178 - WARNING - Error producto: Message: stale element reference: stale element not found in the current frame
  (Session info: chrome=147.0.7727.137); For documentation on this error, please visit: https://www.selenium.dev/documentation/webdriver/troubleshooting/errors#staleelementreferenceexception
Stacktrace:
	chromedriver!GetHandleVerifier [0x7ff71d9ea8e5+14e45]
	chromedriver!GetHandleVerifier [0x7ff71d9ea950+14eb0]
	chromedriver!(No symbol) [0x7ff71d75d6ed]
	chromedriver!(No symbol) [0x7ff71d765671]
	chromedriver!(No symbol) [0x7ff71d768795]
	chromedriver!(No symbol) [0x7ff71d76885f]
	chromedriver!(No symbol) [0x7ff71d7b647e]
	chromedriver!(No symbol) [0x7ff71d7b700c]
	chromedriver!(No symbol) [0x7ff71d7ab0ac]
	chromedriver!(No symbol) [0x7ff71d7aaa46]
	chromedriver!(No symbol) [0x7ff71d80483b]
	chromedriver!(No symbol) [0x7ff71d7a90e8]
	chromedriver!(No symbol) [0x7ff71d7a9fc3]
	chromedriver!GetHandleVerifier [0x7ff71dd00149+32a6a9]
	chromedriver!GetHandleVerifier [0x7ff71dcfa715+324c75]
	chromedriver!GetHandleVerifier [0x7ff71dd1c012+346572]
	chromedriver!GetHandleVerifier [0x7ff71da07cb5+32215]
	chromedriver!GetHandleVerifier [0x7ff71da1087c+3addc]
	chromedriver!GetHandleVerifier [0x7ff71d9f40e4+1e644]
	chromedriver!GetHandleVerifier [0x7ff71d9f4296+1e7f6]
	chromedriver!GetHandleVerifier [0x7ff71d9d8737+2c97]
	KERNEL32!BaseThreadInitThunk [0x7ffded25e8d7+17]
	ntdll!RtlUserThreadStart [0x7ffded80c3fc+2c]

2026-04-28 21:15:30,182 - WARNING - Error producto: Message: stale element reference: stale element not found in the current frame
  (Session info: chrome=147.0.7727.137); For documentation on this error, please visit: https://www.selenium.dev/documentation/webdriver/troubleshooting/errors#staleelementreferenceexception
Stacktrace:
	chromedriver!GetHandleVerifier [0x7ff71d9ea8e5+14e45]
	chromedriver!GetHandleVerifier [0x7ff71d9ea950+14eb0]
	chromedriver!(No symbol) [0x7ff71d75d6ed]
	chromedriver!(No symbol) [0x7ff71d765671]
	chromedriver!(No symbol) [0x7ff71d768795]
	chromedriver!(No symbol) [0x7ff71d76885f]
	chromedriver!(No symbol) [0x7ff71d7b647e]
	chromedriver!(No symbol) [0x7ff71d7b700c]
	chromedriver!(No symbol) [0x7ff71d7ab0ac]
	chromedriver!(No symbol) [0x7ff71d7aaa46]
	chromedriver!(No symbol) [0x7ff71d80483b]
	chromedriver!(No symbol) [0x7ff71d7a90e8]
	chromedriver!(No symbol) [0x7ff71d7a9fc3]
	chromedriver!GetHandleVerifier [0x7ff71dd00149+32a6a9]
	chromedriver!GetHandleVerifier [0x7ff71dcfa715+324c75]
	chromedriver!GetHandleVerifier [0x7ff71dd1c012+346572]
	chromedriver!GetHandleVerifier [0x7ff71da07cb5+32215]
	chromedriver!GetHandleVerifier [0x7ff71da1087c+3addc]
	chromedriver!GetHandleVerifier [0x7ff71d9f40e4+1e644]
	chromedriver!GetHandleVerifier [0x7ff71d9f4296+1e7f6]
	chromedriver!GetHandleVerifier [0x7ff71d9d8737+2c97]
	KERNEL32!BaseThreadInitThunk [0x7ffded25e8d7+17]
	ntdll!RtlUserThreadStart [0x7ffded80c3fc+2c]

2026-04-28 21:15:30,187 - WARNING - Error producto: Message: stale element reference: stale element not found in the current frame
  (Session info: chrome=147.0.7727.137); For documentation on this error, please visit: https://www.selenium.dev/documentation/webdriver/troubleshooting/errors#staleelementreferenceexception
Stacktrace:
	chromedriver!GetHandleVerifier [0x7ff71d9ea8e5+14e45]
	chromedriver!GetHandleVerifier [0x7ff71d9ea950+14eb0]
	chromedriver!(No symbol) [0x7ff71d75d6ed]
	chromedriver!(No symbol) [0x7ff71d765671]
	chromedriver!(No symbol) [0x7ff71d768795]
	chromedriver!(No symbol) [0x7ff71d76885f]
	chromedriver!(No symbol) [0x7ff71d7b647e]
	chromedriver!(No symbol) [0x7ff71d7b700c]
	chromedriver!(No symbol) [0x7ff71d7ab0ac]
	chromedriver!(No symbol) [0x7ff71d7aaa46]
	chromedriver!(No symbol) [0x7ff71d80483b]
	chromedriver!(No symbol) [0x7ff71d7a90e8]
	chromedriver!(No symbol) [0x7ff71d7a9fc3]
	chromedriver!GetHandleVerifier [0x7ff71dd00149+32a6a9]
	chromedriver!GetHandleVerifier [0x7ff71dcfa715+324c75]
	chromedriver!GetHandleVerifier [0x7ff71dd1c012+346572]
	chromedriver!GetHandleVerifier [0x7ff71da07cb5+32215]
	chromedriver!GetHandleVerifier [0x7ff71da1087c+3addc]
	chromedriver!GetHandleVerifier [0x7ff71d9f40e4+1e644]
	chromedriver!GetHandleVerifier [0x7ff71d9f4296+1e7f6]
	chromedriver!GetHandleVerifier [0x7ff71d9d8737+2c97]
	KERNEL32!BaseThreadInitThunk [0x7ffded25e8d7+17]
	ntdll!RtlUserThreadStart [0x7ffded80c3fc+2c]

2026-04-28 21:15:30,191 - WARNING - Error producto: Message: stale element reference: stale element not found in the current frame
  (Session info: chrome=147.0.7727.137); For documentation on this error, please visit: https://www.selenium.dev/documentation/webdriver/troubleshooting/errors#staleelementreferenceexception
Stacktrace:
	chromedriver!GetHandleVerifier [0x7ff71d9ea8e5+14e45]
	chromedriver!GetHandleVerifier [0x7ff71d9ea950+14eb0]
	chromedriver!(No symbol) [0x7ff71d75d6ed]
	chromedriver!(No symbol) [0x7ff71d765671]
	chromedriver!(No symbol) [0x7ff71d768795]
	chromedriver!(No symbol) [0x7ff71d76885f]
	chromedriver!(No symbol) [0x7ff71d7b647e]
	chromedriver!(No symbol) [0x7ff71d7b700c]
	chromedriver!(No symbol) [0x7ff71d7ab0ac]
	chromedriver!(No symbol) [0x7ff71d7aaa46]
	chromedriver!(No symbol) [0x7ff71d80483b]
	chromedriver!(No symbol) [0x7ff71d7a90e8]
	chromedriver!(No symbol) [0x7ff71d7a9fc3]
	chromedriver!GetHandleVerifier [0x7ff71dd00149+32a6a9]
	chromedriver!GetHandleVerifier [0x7ff71dcfa715+324c75]
	chromedriver!GetHandleVerifier [0x7ff71dd1c012+346572]
	chromedriver!GetHandleVerifier [0x7ff71da07cb5+32215]
	chromedriver!GetHandleVerifier [0x7ff71da1087c+3addc]
	chromedriver!GetHandleVerifier [0x7ff71d9f40e4+1e644]
	chromedriver!GetHandleVerifier [0x7ff71d9f4296+1e7f6]
	chromedriver!GetHandleVerifier [0x7ff71d9d8737+2c97]
	KERNEL32!BaseThreadInitThunk [0x7ffded25e8d7+17]
	ntdll!RtlUserThreadStart [0x7ffded80c3fc+2c]

2026-04-28 21:15:30,195 - WARNING - Error producto: Message: stale element reference: stale element not found in the current frame
  (Session info: chrome=147.0.7727.137); For documentation on this error, please visit: https://www.selenium.dev/documentation/webdriver/troubleshooting/errors#staleelementreferenceexception
Stacktrace:
	chromedriver!GetHandleVerifier [0x7ff71d9ea8e5+14e45]
	chromedriver!GetHandleVerifier [0x7ff71d9ea950+14eb0]
	chromedriver!(No symbol) [0x7ff71d75d6ed]
	chromedriver!(No symbol) [0x7ff71d765671]
	chromedriver!(No symbol) [0x7ff71d768795]
	chromedriver!(No symbol) [0x7ff71d76885f]
	chromedriver!(No symbol) [0x7ff71d7b647e]
	chromedriver!(No symbol) [0x7ff71d7b700c]
	chromedriver!(No symbol) [0x7ff71d7ab0ac]
	chromedriver!(No symbol) [0x7ff71d7aaa46]
	chromedriver!(No symbol) [0x7ff71d80483b]
	chromedriver!(No symbol) [0x7ff71d7a90e8]
	chromedriver!(No symbol) [0x7ff71d7a9fc3]
	chromedriver!GetHandleVerifier [0x7ff71dd00149+32a6a9]
	chromedriver!GetHandleVerifier [0x7ff71dcfa715+324c75]
	chromedriver!GetHandleVerifier [0x7ff71dd1c012+346572]
	chromedriver!GetHandleVerifier [0x7ff71da07cb5+32215]
	chromedriver!GetHandleVerifier [0x7ff71da1087c+3addc]
	chromedriver!GetHandleVerifier [0x7ff71d9f40e4+1e644]
	chromedriver!GetHandleVerifier [0x7ff71d9f4296+1e7f6]
	chromedriver!GetHandleVerifier [0x7ff71d9d8737+2c97]
	KERNEL32!BaseThreadInitThunk [0x7ffded25e8d7+17]
	ntdll!RtlUserThreadStart [0x7ffded80c3fc+2c]

2026-04-28 21:15:30,199 - WARNING - Error producto: Message: stale element reference: stale element not found in the current frame
  (Session info: chrome=147.0.7727.137); For documentation on this error, please visit: https://www.selenium.dev/documentation/webdriver/troubleshooting/errors#staleelementreferenceexception
Stacktrace:
	chromedriver!GetHandleVerifier [0x7ff71d9ea8e5+14e45]
	chromedriver!GetHandleVerifier [0x7ff71d9ea950+14eb0]
	chromedriver!(No symbol) [0x7ff71d75d6ed]
	chromedriver!(No symbol) [0x7ff71d765671]
	chromedriver!(No symbol) [0x7ff71d768795]
	chromedriver!(No symbol) [0x7ff71d76885f]
	chromedriver!(No symbol) [0x7ff71d7b647e]
	chromedriver!(No symbol) [0x7ff71d7b700c]
	chromedriver!(No symbol) [0x7ff71d7ab0ac]
	chromedriver!(No symbol) [0x7ff71d7aaa46]
	chromedriver!(No symbol) [0x7ff71d80483b]
	chromedriver!(No symbol) [0x7ff71d7a90e8]
	chromedriver!(No symbol) [0x7ff71d7a9fc3]
	chromedriver!GetHandleVerifier [0x7ff71dd00149+32a6a9]
	chromedriver!GetHandleVerifier [0x7ff71dcfa715+324c75]
	chromedriver!GetHandleVerifier [0x7ff71dd1c012+346572]
	chromedriver!GetHandleVerifier [0x7ff71da07cb5+32215]
	chromedriver!GetHandleVerifier [0x7ff71da1087c+3addc]
	chromedriver!GetHandleVerifier [0x7ff71d9f40e4+1e644]
	chromedriver!GetHandleVerifier [0x7ff71d9f4296+1e7f6]
	chromedriver!GetHandleVerifier [0x7ff71d9d8737+2c97]
	KERNEL32!BaseThreadInitThunk [0x7ffded25e8d7+17]
	ntdll!RtlUserThreadStart [0x7ffded80c3fc+2c]

2026-04-28 21:15:30,202 - WARNING - Error producto: Message: stale element reference: stale element not found in the current frame
  (Session info: chrome=147.0.7727.137); For documentation on this error, please visit: https://www.selenium.dev/documentation/webdriver/troubleshooting/errors#staleelementreferenceexception
Stacktrace:
	chromedriver!GetHandleVerifier [0x7ff71d9ea8e5+14e45]
	chromedriver!GetHandleVerifier [0x7ff71d9ea950+14eb0]
	chromedriver!(No symbol) [0x7ff71d75d6ed]
	chromedriver!(No symbol) [0x7ff71d765671]
	chromedriver!(No symbol) [0x7ff71d768795]
	chromedriver!(No symbol) [0x7ff71d76885f]
	chromedriver!(No symbol) [0x7ff71d7b647e]
	chromedriver!(No symbol) [0x7ff71d7b700c]
	chromedriver!(No symbol) [0x7ff71d7ab0ac]
	chromedriver!(No symbol) [0x7ff71d7aaa46]
	chromedriver!(No symbol) [0x7ff71d80483b]
	chromedriver!(No symbol) [0x7ff71d7a90e8]
	chromedriver!(No symbol) [0x7ff71d7a9fc3]
	chromedriver!GetHandleVerifier [0x7ff71dd00149+32a6a9]
	chromedriver!GetHandleVerifier [0x7ff71dcfa715+324c75]
	chromedriver!GetHandleVerifier [0x7ff71dd1c012+346572]
	chromedriver!GetHandleVerifier [0x7ff71da07cb5+32215]
	chromedriver!GetHandleVerifier [0x7ff71da1087c+3addc]
	chromedriver!GetHandleVerifier [0x7ff71d9f40e4+1e644]
	chromedriver!GetHandleVerifier [0x7ff71d9f4296+1e7f6]
	chromedriver!GetHandleVerifier [0x7ff71d9d8737+2c97]
	KERNEL32!BaseThreadInitThunk [0x7ffded25e8d7+17]
	ntdll!RtlUserThreadStart [0x7ffded80c3fc+2c]

2026-04-28 21:15:30,206 - WARNING - Error producto: Message: stale element reference: stale element not found in the current frame
  (Session info: chrome=147.0.7727.137); For documentation on this error, please visit: https://www.selenium.dev/documentation/webdriver/troubleshooting/errors#staleelementreferenceexception
Stacktrace:
	chromedriver!GetHandleVerifier [0x7ff71d9ea8e5+14e45]
	chromedriver!GetHandleVerifier [0x7ff71d9ea950+14eb0]
	chromedriver!(No symbol) [0x7ff71d75d6ed]
	chromedriver!(No symbol) [0x7ff71d765671]
	chromedriver!(No symbol) [0x7ff71d768795]
	chromedriver!(No symbol) [0x7ff71d76885f]
	chromedriver!(No symbol) [0x7ff71d7b647e]
	chromedriver!(No symbol) [0x7ff71d7b700c]
	chromedriver!(No symbol) [0x7ff71d7ab0ac]
	chromedriver!(No symbol) [0x7ff71d7aaa46]
	chromedriver!(No symbol) [0x7ff71d80483b]
	chromedriver!(No symbol) [0x7ff71d7a90e8]
	chromedriver!(No symbol) [0x7ff71d7a9fc3]
	chromedriver!GetHandleVerifier [0x7ff71dd00149+32a6a9]
	chromedriver!GetHandleVerifier [0x7ff71dcfa715+324c75]
	chromedriver!GetHandleVerifier [0x7ff71dd1c012+346572]
	chromedriver!GetHandleVerifier [0x7ff71da07cb5+32215]
	chromedriver!GetHandleVerifier [0x7ff71da1087c+3addc]
	chromedriver!GetHandleVerifier [0x7ff71d9f40e4+1e644]
	chromedriver!GetHandleVerifier [0x7ff71d9f4296+1e7f6]
	chromedriver!GetHandleVerifier [0x7ff71d9d8737+2c97]
	KERNEL32!BaseThreadInitThunk [0x7ffded25e8d7+17]
	ntdll!RtlUserThreadStart [0x7ffded80c3fc+2c]

2026-04-28 21:15:30,210 - WARNING - Error producto: Message: stale element reference: stale element not found in the current frame
  (Session info: chrome=147.0.7727.137); For documentation on this error, please visit: https://www.selenium.dev/documentation/webdriver/troubleshooting/errors#staleelementreferenceexception
Stacktrace:
	chromedriver!GetHandleVerifier [0x7ff71d9ea8e5+14e45]
	chromedriver!GetHandleVerifier [0x7ff71d9ea950+14eb0]
	chromedriver!(No symbol) [0x7ff71d75d6ed]
	chromedriver!(No symbol) [0x7ff71d765671]
	chromedriver!(No symbol) [0x7ff71d768795]
	chromedriver!(No symbol) [0x7ff71d76885f]
	chromedriver!(No symbol) [0x7ff71d7b647e]
	chromedriver!(No symbol) [0x7ff71d7b700c]
	chromedriver!(No symbol) [0x7ff71d7ab0ac]
	chromedriver!(No symbol) [0x7ff71d7aaa46]
	chromedriver!(No symbol) [0x7ff71d80483b]
	chromedriver!(No symbol) [0x7ff71d7a90e8]
	chromedriver!(No symbol) [0x7ff71d7a9fc3]
	chromedriver!GetHandleVerifier [0x7ff71dd00149+32a6a9]
	chromedriver!GetHandleVerifier [0x7ff71dcfa715+324c75]
	chromedriver!GetHandleVerifier [0x7ff71dd1c012+346572]
	chromedriver!GetHandleVerifier [0x7ff71da07cb5+32215]
	chromedriver!GetHandleVerifier [0x7ff71da1087c+3addc]
	chromedriver!GetHandleVerifier [0x7ff71d9f40e4+1e644]
	chromedriver!GetHandleVerifier [0x7ff71d9f4296+1e7f6]
	chromedriver!GetHandleVerifier [0x7ff71d9d8737+2c97]
	KERNEL32!BaseThreadInitThunk [0x7ffded25e8d7+17]
	ntdll!RtlUserThreadStart [0x7ffded80c3fc+2c]

2026-04-28 21:15:30,213 - WARNING - Error producto: Message: stale element reference: stale element not found in the current frame
  (Session info: chrome=147.0.7727.137); For documentation on this error, please visit: https://www.selenium.dev/documentation/webdriver/troubleshooting/errors#staleelementreferenceexception
Stacktrace:
	chromedriver!GetHandleVerifier [0x7ff71d9ea8e5+14e45]
	chromedriver!GetHandleVerifier [0x7ff71d9ea950+14eb0]
	chromedriver!(No symbol) [0x7ff71d75d6ed]
	chromedriver!(No symbol) [0x7ff71d765671]
	chromedriver!(No symbol) [0x7ff71d768795]
	chromedriver!(No symbol) [0x7ff71d76885f]
	chromedriver!(No symbol) [0x7ff71d7b647e]
	chromedriver!(No symbol) [0x7ff71d7b700c]
	chromedriver!(No symbol) [0x7ff71d7ab0ac]
	chromedriver!(No symbol) [0x7ff71d7aaa46]
	chromedriver!(No symbol) [0x7ff71d80483b]
	chromedriver!(No symbol) [0x7ff71d7a90e8]
	chromedriver!(No symbol) [0x7ff71d7a9fc3]
	chromedriver!GetHandleVerifier [0x7ff71dd00149+32a6a9]
	chromedriver!GetHandleVerifier [0x7ff71dcfa715+324c75]
	chromedriver!GetHandleVerifier [0x7ff71dd1c012+346572]
	chromedriver!GetHandleVerifier [0x7ff71da07cb5+32215]
	chromedriver!GetHandleVerifier [0x7ff71da1087c+3addc]
	chromedriver!GetHandleVerifier [0x7ff71d9f40e4+1e644]
	chromedriver!GetHandleVerifier [0x7ff71d9f4296+1e7f6]
	chromedriver!GetHandleVerifier [0x7ff71d9d8737+2c97]
	KERNEL32!BaseThreadInitThunk [0x7ffded25e8d7+17]
	ntdll!RtlUserThreadStart [0x7ffded80c3fc+2c]

2026-04-28 21:15:30,219 - WARNING - Error producto: Message: stale element reference: stale element not found in the current frame
  (Session info: chrome=147.0.7727.137); For documentation on this error, please visit: https://www.selenium.dev/documentation/webdriver/troubleshooting/errors#staleelementreferenceexception
Stacktrace:
	chromedriver!GetHandleVerifier [0x7ff71d9ea8e5+14e45]
	chromedriver!GetHandleVerifier [0x7ff71d9ea950+14eb0]
	chromedriver!(No symbol) [0x7ff71d75d6ed]
	chromedriver!(No symbol) [0x7ff71d765671]
	chromedriver!(No symbol) [0x7ff71d768795]
	chromedriver!(No symbol) [0x7ff71d76885f]
	chromedriver!(No symbol) [0x7ff71d7b647e]
	chromedriver!(No symbol) [0x7ff71d7b700c]
	chromedriver!(No symbol) [0x7ff71d7ab0ac]
	chromedriver!(No symbol) [0x7ff71d7aaa46]
	chromedriver!(No symbol) [0x7ff71d80483b]
	chromedriver!(No symbol) [0x7ff71d7a90e8]
	chromedriver!(No symbol) [0x7ff71d7a9fc3]
	chromedriver!GetHandleVerifier [0x7ff71dd00149+32a6a9]
	chromedriver!GetHandleVerifier [0x7ff71dcfa715+324c75]
	chromedriver!GetHandleVerifier [0x7ff71dd1c012+346572]
	chromedriver!GetHandleVerifier [0x7ff71da07cb5+32215]
	chromedriver!GetHandleVerifier [0x7ff71da1087c+3addc]
	chromedriver!GetHandleVerifier [0x7ff71d9f40e4+1e644]
	chromedriver!GetHandleVerifier [0x7ff71d9f4296+1e7f6]
	chromedriver!GetHandleVerifier [0x7ff71d9d8737+2c97]
	KERNEL32!BaseThreadInitThunk [0x7ffded25e8d7+17]
	ntdll!RtlUserThreadStart [0x7ffded80c3fc+2c]

2026-04-28 21:15:30,224 - WARNING - Error producto: Message: stale element reference: stale element not found in the current frame
  (Session info: chrome=147.0.7727.137); For documentation on this error, please visit: https://www.selenium.dev/documentation/webdriver/troubleshooting/errors#staleelementreferenceexception
Stacktrace:
	chromedriver!GetHandleVerifier [0x7ff71d9ea8e5+14e45]
	chromedriver!GetHandleVerifier [0x7ff71d9ea950+14eb0]
	chromedriver!(No symbol) [0x7ff71d75d6ed]
	chromedriver!(No symbol) [0x7ff71d765671]
	chromedriver!(No symbol) [0x7ff71d768795]
	chromedriver!(No symbol) [0x7ff71d76885f]
	chromedriver!(No symbol) [0x7ff71d7b647e]
	chromedriver!(No symbol) [0x7ff71d7b700c]
	chromedriver!(No symbol) [0x7ff71d7ab0ac]
	chromedriver!(No symbol) [0x7ff71d7aaa46]
	chromedriver!(No symbol) [0x7ff71d80483b]
	chromedriver!(No symbol) [0x7ff71d7a90e8]
	chromedriver!(No symbol) [0x7ff71d7a9fc3]
	chromedriver!GetHandleVerifier [0x7ff71dd00149+32a6a9]
	chromedriver!GetHandleVerifier [0x7ff71dcfa715+324c75]
	chromedriver!GetHandleVerifier [0x7ff71dd1c012+346572]
	chromedriver!GetHandleVerifier [0x7ff71da07cb5+32215]
	chromedriver!GetHandleVerifier [0x7ff71da1087c+3addc]
	chromedriver!GetHandleVerifier [0x7ff71d9f40e4+1e644]
	chromedriver!GetHandleVerifier [0x7ff71d9f4296+1e7f6]
	chromedriver!GetHandleVerifier [0x7ff71d9d8737+2c97]
	KERNEL32!BaseThreadInitThunk [0x7ffded25e8d7+17]
	ntdll!RtlUserThreadStart [0x7ffded80c3fc+2c]

2026-04-28 21:15:30,228 - WARNING - Error producto: Message: stale element reference: stale element not found in the current frame
  (Session info: chrome=147.0.7727.137); For documentation on this error, please visit: https://www.selenium.dev/documentation/webdriver/troubleshooting/errors#staleelementreferenceexception
Stacktrace:
	chromedriver!GetHandleVerifier [0x7ff71d9ea8e5+14e45]
	chromedriver!GetHandleVerifier [0x7ff71d9ea950+14eb0]
	chromedriver!(No symbol) [0x7ff71d75d6ed]
	chromedriver!(No symbol) [0x7ff71d765671]
	chromedriver!(No symbol) [0x7ff71d768795]
	chromedriver!(No symbol) [0x7ff71d76885f]
	chromedriver!(No symbol) [0x7ff71d7b647e]
	chromedriver!(No symbol) [0x7ff71d7b700c]
	chromedriver!(No symbol) [0x7ff71d7ab0ac]
	chromedriver!(No symbol) [0x7ff71d7aaa46]
	chromedriver!(No symbol) [0x7ff71d80483b]
	chromedriver!(No symbol) [0x7ff71d7a90e8]
	chromedriver!(No symbol) [0x7ff71d7a9fc3]
	chromedriver!GetHandleVerifier [0x7ff71dd00149+32a6a9]
	chromedriver!GetHandleVerifier [0x7ff71dcfa715+324c75]
	chromedriver!GetHandleVerifier [0x7ff71dd1c012+346572]
	chromedriver!GetHandleVerifier [0x7ff71da07cb5+32215]
	chromedriver!GetHandleVerifier [0x7ff71da1087c+3addc]
	chromedriver!GetHandleVerifier [0x7ff71d9f40e4+1e644]
	chromedriver!GetHandleVerifier [0x7ff71d9f4296+1e7f6]
	chromedriver!GetHandleVerifier [0x7ff71d9d8737+2c97]
	KERNEL32!BaseThreadInitThunk [0x7ffded25e8d7+17]
	ntdll!RtlUserThreadStart [0x7ffded80c3fc+2c]

2026-04-28 21:15:30,233 - WARNING - Error producto: Message: stale element reference: stale element not found in the current frame
  (Session info: chrome=147.0.7727.137); For documentation on this error, please visit: https://www.selenium.dev/documentation/webdriver/troubleshooting/errors#staleelementreferenceexception
Stacktrace:
	chromedriver!GetHandleVerifier [0x7ff71d9ea8e5+14e45]
	chromedriver!GetHandleVerifier [0x7ff71d9ea950+14eb0]
	chromedriver!(No symbol) [0x7ff71d75d6ed]
	chromedriver!(No symbol) [0x7ff71d765671]
	chromedriver!(No symbol) [0x7ff71d768795]
	chromedriver!(No symbol) [0x7ff71d76885f]
	chromedriver!(No symbol) [0x7ff71d7b647e]
	chromedriver!(No symbol) [0x7ff71d7b700c]
	chromedriver!(No symbol) [0x7ff71d7ab0ac]
	chromedriver!(No symbol) [0x7ff71d7aaa46]
	chromedriver!(No symbol) [0x7ff71d80483b]
	chromedriver!(No symbol) [0x7ff71d7a90e8]
	chromedriver!(No symbol) [0x7ff71d7a9fc3]
	chromedriver!GetHandleVerifier [0x7ff71dd00149+32a6a9]
	chromedriver!GetHandleVerifier [0x7ff71dcfa715+324c75]
	chromedriver!GetHandleVerifier [0x7ff71dd1c012+346572]
	chromedriver!GetHandleVerifier [0x7ff71da07cb5+32215]
	chromedriver!GetHandleVerifier [0x7ff71da1087c+3addc]
	chromedriver!GetHandleVerifier [0x7ff71d9f40e4+1e644]
	chromedriver!GetHandleVerifier [0x7ff71d9f4296+1e7f6]
	chromedriver!GetHandleVerifier [0x7ff71d9d8737+2c97]
	KERNEL32!BaseThreadInitThunk [0x7ffded25e8d7+17]
	ntdll!RtlUserThreadStart [0x7ffded80c3fc+2c]

2026-04-28 21:15:30,237 - WARNING - Error producto: Message: stale element reference: stale element not found in the current frame
  (Session info: chrome=147.0.7727.137); For documentation on this error, please visit: https://www.selenium.dev/documentation/webdriver/troubleshooting/errors#staleelementreferenceexception
Stacktrace:
	chromedriver!GetHandleVerifier [0x7ff71d9ea8e5+14e45]
	chromedriver!GetHandleVerifier [0x7ff71d9ea950+14eb0]
	chromedriver!(No symbol) [0x7ff71d75d6ed]
	chromedriver!(No symbol) [0x7ff71d765671]
	chromedriver!(No symbol) [0x7ff71d768795]
	chromedriver!(No symbol) [0x7ff71d76885f]
	chromedriver!(No symbol) [0x7ff71d7b647e]
	chromedriver!(No symbol) [0x7ff71d7b700c]
	chromedriver!(No symbol) [0x7ff71d7ab0ac]
	chromedriver!(No symbol) [0x7ff71d7aaa46]
	chromedriver!(No symbol) [0x7ff71d80483b]
	chromedriver!(No symbol) [0x7ff71d7a90e8]
	chromedriver!(No symbol) [0x7ff71d7a9fc3]
	chromedriver!GetHandleVerifier [0x7ff71dd00149+32a6a9]
	chromedriver!GetHandleVerifier [0x7ff71dcfa715+324c75]
	chromedriver!GetHandleVerifier [0x7ff71dd1c012+346572]
	chromedriver!GetHandleVerifier [0x7ff71da07cb5+32215]
	chromedriver!GetHandleVerifier [0x7ff71da1087c+3addc]
	chromedriver!GetHandleVerifier [0x7ff71d9f40e4+1e644]
	chromedriver!GetHandleVerifier [0x7ff71d9f4296+1e7f6]
	chromedriver!GetHandleVerifier [0x7ff71d9d8737+2c97]
	KERNEL32!BaseThreadInitThunk [0x7ffded25e8d7+17]
	ntdll!RtlUserThreadStart [0x7ffded80c3fc+2c]

2026-04-28 21:15:30,242 - WARNING - Error producto: Message: stale element reference: stale element not found in the current frame
  (Session info: chrome=147.0.7727.137); For documentation on this error, please visit: https://www.selenium.dev/documentation/webdriver/troubleshooting/errors#staleelementreferenceexception
Stacktrace:
	chromedriver!GetHandleVerifier [0x7ff71d9ea8e5+14e45]
	chromedriver!GetHandleVerifier [0x7ff71d9ea950+14eb0]
	chromedriver!(No symbol) [0x7ff71d75d6ed]
	chromedriver!(No symbol) [0x7ff71d765671]
	chromedriver!(No symbol) [0x7ff71d768795]
	chromedriver!(No symbol) [0x7ff71d76885f]
	chromedriver!(No symbol) [0x7ff71d7b647e]
	chromedriver!(No symbol) [0x7ff71d7b700c]
	chromedriver!(No symbol) [0x7ff71d7ab0ac]
	chromedriver!(No symbol) [0x7ff71d7aaa46]
	chromedriver!(No symbol) [0x7ff71d80483b]
	chromedriver!(No symbol) [0x7ff71d7a90e8]
	chromedriver!(No symbol) [0x7ff71d7a9fc3]
	chromedriver!GetHandleVerifier [0x7ff71dd00149+32a6a9]
	chromedriver!GetHandleVerifier [0x7ff71dcfa715+324c75]
	chromedriver!GetHandleVerifier [0x7ff71dd1c012+346572]
	chromedriver!GetHandleVerifier [0x7ff71da07cb5+32215]
	chromedriver!GetHandleVerifier [0x7ff71da1087c+3addc]
	chromedriver!GetHandleVerifier [0x7ff71d9f40e4+1e644]
	chromedriver!GetHandleVerifier [0x7ff71d9f4296+1e7f6]
	chromedriver!GetHandleVerifier [0x7ff71d9d8737+2c97]
	KERNEL32!BaseThreadInitThunk [0x7ffded25e8d7+17]
	ntdll!RtlUserThreadStart [0x7ffded80c3fc+2c]

2026-04-28 21:15:30,246 - WARNING - Error producto: Message: stale element reference: stale element not found in the current frame
  (Session info: chrome=147.0.7727.137); For documentation on this error, please visit: https://www.selenium.dev/documentation/webdriver/troubleshooting/errors#staleelementreferenceexception
Stacktrace:
	chromedriver!GetHandleVerifier [0x7ff71d9ea8e5+14e45]
	chromedriver!GetHandleVerifier [0x7ff71d9ea950+14eb0]
	chromedriver!(No symbol) [0x7ff71d75d6ed]
	chromedriver!(No symbol) [0x7ff71d765671]
	chromedriver!(No symbol) [0x7ff71d768795]
	chromedriver!(No symbol) [0x7ff71d76885f]
	chromedriver!(No symbol) [0x7ff71d7b647e]
	chromedriver!(No symbol) [0x7ff71d7b700c]
	chromedriver!(No symbol) [0x7ff71d7ab0ac]
	chromedriver!(No symbol) [0x7ff71d7aaa46]
	chromedriver!(No symbol) [0x7ff71d80483b]
	chromedriver!(No symbol) [0x7ff71d7a90e8]
	chromedriver!(No symbol) [0x7ff71d7a9fc3]
	chromedriver!GetHandleVerifier [0x7ff71dd00149+32a6a9]
	chromedriver!GetHandleVerifier [0x7ff71dcfa715+324c75]
	chromedriver!GetHandleVerifier [0x7ff71dd1c012+346572]
	chromedriver!GetHandleVerifier [0x7ff71da07cb5+32215]
	chromedriver!GetHandleVerifier [0x7ff71da1087c+3addc]
	chromedriver!GetHandleVerifier [0x7ff71d9f40e4+1e644]
	chromedriver!GetHandleVerifier [0x7ff71d9f4296+1e7f6]
	chromedriver!GetHandleVerifier [0x7ff71d9d8737+2c97]
	KERNEL32!BaseThreadInitThunk [0x7ffded25e8d7+17]
	ntdll!RtlUserThreadStart [0x7ffded80c3fc+2c]

2026-04-28 21:15:30,386 - INFO - 154 productos insertados correctamente
2026-04-28 21:15:37,551 - INFO - No hay botón siguiente → fin
2026-04-28 21:15:37,606 - INFO - Reabriendo menú principal 'Periféricos' para la siguiente subcategoría
2026-04-28 21:15:37,640 - INFO - Procesando sección: Electro
2026-04-28 21:15:37,686 - INFO - Botón 'Electro' clickeado
2026-04-28 21:15:38,698 - INFO - Cantidad de subcategorías encontradas: 19
2026-04-28 21:15:38,716 - INFO - Subcategoría encontrada: Televisores
2026-04-28 21:15:38,732 - INFO - Extrayendo datos de la sección 'Electro' y subcategoría 'Televisores'
2026-04-28 21:15:38,737 - INFO - Grilla de productos encontrada
2026-04-28 21:15:40,085 - INFO - Scrapeando página 1
2026-04-28 21:16:00,699 - INFO - 20 productos insertados correctamente
2026-04-28 21:16:00,754 - INFO - Botón siguiente clickeado
2026-04-28 21:16:03,755 - INFO - Scrapeando página 2
2026-04-28 21:19:27,815 - INFO - 200 productos insertados correctamente
2026-04-28 21:19:27,898 - INFO - Botón siguiente clickeado
2026-04-28 21:19:30,898 - INFO - Scrapeando página 3
2026-04-28 21:19:33,004 - INFO - 2 productos insertados correctamente
2026-04-28 21:19:40,153 - INFO - No hay botón siguiente → fin
2026-04-28 21:19:40,204 - INFO - Reabriendo menú principal 'Electro' para la siguiente subcategoría
2026-04-28 21:19:40,234 - INFO - Subcategoría encontrada: 
2026-04-28 21:19:40,247 - INFO - Extrayendo datos de la sección 'Electro' y subcategoría ''
2026-04-28 21:19:40,251 - INFO - Grilla de productos encontrada
2026-04-28 21:19:41,581 - INFO - Scrapeando página 1
2026-04-28 21:20:02,096 - ERROR - Error insertando: 'NoneType' object is not subscriptable
2026-04-28 21:20:02,149 - INFO - Botón siguiente clickeado
2026-04-28 21:20:05,150 - INFO - Scrapeando página 2
2026-04-28 21:20:59,198 - ERROR - Error insertando: 'NoneType' object is not subscriptable
2026-04-28 21:21:06,356 - INFO - No hay botón siguiente → fin
2026-04-28 21:21:06,416 - INFO - Reabriendo menú principal 'Electro' para la siguiente subcategoría
2026-04-28 21:21:06,443 - WARNING - Subcategoría sin href → saltando
2026-04-28 21:21:06,459 - INFO - Subcategoría encontrada: 
2026-04-28 21:21:06,476 - INFO - Extrayendo datos de la sección 'Electro' y subcategoría ''
2026-04-28 21:21:06,481 - INFO - Grilla de productos encontrada
2026-04-28 21:21:08,308 - INFO - Scrapeando página 1
2026-04-28 21:21:28,859 - ERROR - Error insertando: 'NoneType' object is not subscriptable
2026-04-28 21:21:35,944 - INFO - No hay botón siguiente → fin
2026-04-28 21:21:36,003 - INFO - Reabriendo menú principal 'Electro' para la siguiente subcategoría
2026-04-28 21:21:36,027 - WARNING - Subcategoría sin href → saltando
2026-04-28 21:21:36,044 - INFO - Subcategoría encontrada: 
2026-04-28 21:21:36,059 - INFO - Extrayendo datos de la sección 'Electro' y subcategoría ''
2026-04-28 21:21:36,064 - INFO - Grilla de productos encontrada
2026-04-28 21:21:43,183 - WARNING - no se pudo cambiar a 200
2026-04-28 21:21:43,183 - INFO - Scrapeando página 1
2026-04-28 21:22:03,624 - ERROR - Error insertando: 'NoneType' object is not subscriptable
2026-04-28 21:22:10,698 - INFO - No hay botón siguiente → fin
2026-04-28 21:22:10,749 - INFO - Reabriendo menú principal 'Electro' para la siguiente subcategoría
2026-04-28 21:22:10,776 - INFO - Subcategoría encontrada: 
2026-04-28 21:22:10,792 - INFO - Extrayendo datos de la sección 'Electro' y subcategoría ''
2026-04-28 21:22:10,796 - INFO - Grilla de productos encontrada
2026-04-28 21:22:17,867 - WARNING - no se pudo cambiar a 200
2026-04-28 21:22:17,867 - INFO - Scrapeando página 1
2026-04-28 21:22:38,280 - ERROR - Error insertando: 'NoneType' object is not subscriptable
2026-04-28 21:22:45,353 - INFO - No hay botón siguiente → fin
2026-04-28 21:22:45,408 - INFO - Reabriendo menú principal 'Electro' para la siguiente subcategoría
2026-04-28 21:22:45,445 - WARNING - Subcategoría sin href → saltando
2026-04-28 21:22:45,468 - INFO - Subcategoría encontrada: Estufas
2026-04-28 21:22:45,482 - INFO - Extrayendo datos de la sección 'Electro' y subcategoría 'Estufas'
2026-04-28 21:22:45,485 - INFO - Grilla de productos encontrada
2026-04-28 21:22:52,571 - WARNING - no se pudo cambiar a 200
2026-04-28 21:22:52,571 - INFO - Scrapeando página 1
2026-04-28 21:23:13,020 - INFO - 20 productos insertados correctamente
2026-04-28 21:23:20,092 - INFO - No hay botón siguiente → fin
2026-04-28 21:23:20,142 - INFO - Reabriendo menú principal 'Electro' para la siguiente subcategoría
2026-04-28 21:23:20,169 - INFO - Subcategoría encontrada: 
2026-04-28 21:23:20,190 - INFO - Extrayendo datos de la sección 'Electro' y subcategoría ''
2026-04-28 21:23:20,210 - INFO - Grilla de productos encontrada
2026-04-28 21:23:27,284 - WARNING - no se pudo cambiar a 200
2026-04-28 21:23:27,285 - INFO - Scrapeando página 1
2026-04-28 21:23:47,700 - ERROR - Error insertando: 'NoneType' object is not subscriptable
2026-04-28 21:23:54,776 - INFO - No hay botón siguiente → fin
2026-04-28 21:23:54,831 - INFO - Reabriendo menú principal 'Electro' para la siguiente subcategoría
2026-04-28 21:23:54,876 - WARNING - Subcategoría sin href → saltando
2026-04-28 21:23:54,896 - INFO - Subcategoría encontrada: Cafeteras
2026-04-28 21:23:54,909 - INFO - Extrayendo datos de la sección 'Electro' y subcategoría 'Cafeteras'
2026-04-28 21:23:54,913 - INFO - Grilla de productos encontrada
2026-04-28 21:24:01,988 - WARNING - no se pudo cambiar a 200
2026-04-28 21:24:01,988 - INFO - Scrapeando página 1
2026-04-28 21:24:22,435 - INFO - 20 productos insertados correctamente
2026-04-28 21:24:29,506 - INFO - No hay botón siguiente → fin
2026-04-28 21:24:29,561 - INFO - Reabriendo menú principal 'Electro' para la siguiente subcategoría
2026-04-28 21:24:29,588 - INFO - Subcategoría encontrada: Ollas Eléctricas
2026-04-28 21:24:29,601 - INFO - Extrayendo datos de la sección 'Electro' y subcategoría 'Ollas Eléctricas'
2026-04-28 21:24:29,604 - INFO - Grilla de productos encontrada
2026-04-28 21:24:36,723 - WARNING - no se pudo cambiar a 200
2026-04-28 21:24:36,723 - INFO - Scrapeando página 1
2026-04-28 21:24:57,151 - INFO - 20 productos insertados correctamente
2026-04-28 21:25:04,224 - INFO - No hay botón siguiente → fin
2026-04-28 21:25:04,277 - INFO - Reabriendo menú principal 'Electro' para la siguiente subcategoría
2026-04-28 21:25:04,337 - INFO - Subcategoría encontrada: Batidoras
2026-04-28 21:25:04,353 - INFO - Extrayendo datos de la sección 'Electro' y subcategoría 'Batidoras'
2026-04-28 21:25:04,357 - INFO - Grilla de productos encontrada
2026-04-28 21:25:11,430 - WARNING - no se pudo cambiar a 200
2026-04-28 21:25:11,430 - INFO - Scrapeando página 1
2026-04-28 21:25:31,870 - INFO - 20 productos insertados correctamente
2026-04-28 21:25:38,942 - INFO - No hay botón siguiente → fin
2026-04-28 21:25:38,993 - INFO - Reabriendo menú principal 'Electro' para la siguiente subcategoría
2026-04-28 21:25:39,019 - INFO - Subcategoría encontrada: Exprimidores Y Sacajugos
2026-04-28 21:25:39,034 - INFO - Extrayendo datos de la sección 'Electro' y subcategoría 'Exprimidores Y Sacajugos'
2026-04-28 21:25:39,038 - INFO - Grilla de productos encontrada
2026-04-28 21:25:46,108 - WARNING - no se pudo cambiar a 200
2026-04-28 21:25:46,109 - INFO - Scrapeando página 1
2026-04-28 21:26:06,536 - INFO - 20 productos insertados correctamente
2026-04-28 21:26:13,608 - INFO - No hay botón siguiente → fin
2026-04-28 21:26:13,663 - INFO - Reabriendo menú principal 'Electro' para la siguiente subcategoría
2026-04-28 21:26:13,725 - INFO - Subcategoría encontrada: Preparadores De Alimentos
2026-04-28 21:26:13,739 - INFO - Extrayendo datos de la sección 'Electro' y subcategoría 'Preparadores De Alimentos'
2026-04-28 21:26:13,742 - INFO - Grilla de productos encontrada
2026-04-28 21:26:20,814 - WARNING - no se pudo cambiar a 200
2026-04-28 21:26:20,815 - INFO - Scrapeando página 1
2026-04-28 21:26:41,260 - INFO - 20 productos insertados correctamente
2026-04-28 21:26:48,334 - INFO - No hay botón siguiente → fin
2026-04-28 21:26:48,385 - INFO - Reabriendo menú principal 'Electro' para la siguiente subcategoría
2026-04-28 21:26:48,409 - INFO - Subcategoría encontrada: Sandwicheras Y Wafleras
2026-04-28 21:26:48,425 - INFO - Extrayendo datos de la sección 'Electro' y subcategoría 'Sandwicheras Y Wafleras'
2026-04-28 21:26:48,429 - INFO - Grilla de productos encontrada
2026-04-28 21:26:55,503 - WARNING - no se pudo cambiar a 200
2026-04-28 21:26:55,503 - INFO - Scrapeando página 1
2026-04-28 21:27:15,925 - INFO - 20 productos insertados correctamente
2026-04-28 21:27:22,997 - INFO - No hay botón siguiente → fin
2026-04-28 21:27:23,049 - INFO - Reabriendo menú principal 'Electro' para la siguiente subcategoría
2026-04-28 21:27:23,077 - INFO - Subcategoría encontrada: Dispositivos Para El Cabello
2026-04-28 21:27:23,089 - INFO - Extrayendo datos de la sección 'Electro' y subcategoría 'Dispositivos Para El Cabello'
2026-04-28 21:27:23,093 - INFO - Grilla de productos encontrada
2026-04-28 21:27:30,163 - WARNING - no se pudo cambiar a 200
2026-04-28 21:27:30,163 - INFO - Scrapeando página 1
2026-04-28 21:27:50,627 - INFO - 20 productos insertados correctamente
2026-04-28 21:27:57,699 - INFO - No hay botón siguiente → fin
2026-04-28 21:27:57,753 - INFO - Reabriendo menú principal 'Electro' para la siguiente subcategoría
2026-04-28 21:27:57,781 - INFO - Subcategoría encontrada: Cámaras De Seguridad / IP
2026-04-28 21:27:57,796 - INFO - Extrayendo datos de la sección 'Electro' y subcategoría 'Cámaras De Seguridad / IP'
2026-04-28 21:27:57,800 - INFO - Grilla de productos encontrada
2026-04-28 21:28:00,445 - INFO - Scrapeando página 1
2026-04-28 21:28:20,954 - INFO - 20 productos insertados correctamente
2026-04-28 21:28:21,008 - INFO - Botón siguiente clickeado
2026-04-28 21:28:24,009 - INFO - Scrapeando página 2
2026-04-28 21:29:34,339 - INFO - 69 productos insertados correctamente
2026-04-28 21:29:41,496 - INFO - No hay botón siguiente → fin
2026-04-28 21:29:41,555 - INFO - Reabriendo menú principal 'Electro' para la siguiente subcategoría
2026-04-28 21:29:41,568 - INFO - Finalizada la sección Electro
2026-04-28 21:29:41,570 - INFO - Scraping completado exitosamente.
2026-04-28 21:29:45,807 - INFO - Driver cerrado.
